db.Total.Records,db.Year.of.Breach
66,2005
85,2005
100,2005
140,2005
154,2005
200,2005
300,2005
530,2005
677,2005
750,2005
771,2005
800,2005
900,2005
900,2005
900,2005
952,2005
"1,000",2005
"1,100",2005
"1,200",2005
"1,400",2005
"1,400",2005
"1,500",2005
"1,600",2005
"1,600",2005
"1,900",2005
"2,400",2005
"2,800",2005
"3,300",2005
"3,500",2005
"3,623",2005
"3,800",2005
"3,800",2005
"3,851",2005
"5,000",2005
"5,278",2005
"5,500",2005
"5,800",2005
"5,875",2005
"6,000",2005
"6,700",2005
"7,000",2005
"7,058",2005
"7,800",2005
"8,000",2005
"8,000",2005
"8,900",2005
"9,000",2005
"9,100",2005
"9,300",2005
"9,613",2005
"9,900",2005
"11,360",2005
"13,000",2005
"14,000",2005
"15,000",2005
"15,000",2005
"15,790",2005
"16,000",2005
"16,500",2005
"17,500",2005
"18,000",2005
"19,000",2005
"20,000",2005
"21,600",2005
"21,762",2005
"26,000",2005
"27,000",2005
"30,000",2005
"30,000",2005
"31,077",2005
"32,000",2005
"33,000",2005
"33,300",2005
"36,000",2005
"37,000",2005
"39,000",2005
"40,000",2005
"40,000",2005
"44,420",2005
"45,000",2005
"49,000",2005
"49,000",2005
"50,000",2005
"57,000",2005
"59,000",2005
"61,709",2005
"70,000",2005
"72,000",2005
"80,000",2005
"98,400",2005
"100,000",2005
"100,000",2005
"100,000",2005
"100,000",2005
"106,000",2005
"120,000",2005
"130,000",2005
"150,000",2005
"161,000",2005
"163,000",2005
"165,000",2005
"180,000",2005
"187,000",2005
"200,000",2005
"206,000",2005
"226,000",2005
"270,000",2005
"300,000",2005
"310,000",2005
"465,000",2005
"600,000",2005
"676,000",2005
"1,200,000",2005
"1,400,000",2005
"2,000,000",2005
"3,900,000",2005
"40,000,000",2005
8,2006
9,2006
11,2006
11,2006
11,2006
12,2006
13,2006
13,2006
13,2006
14,2006
16,2006
17,2006
17,2006
18,2006
23,2006
25,2006
30,2006
30,2006
31,2006
34,2006
35,2006
37,2006
38,2006
40,2006
40,2006
43,2006
43,2006
44,2006
46,2006
47,2006
49,2006
50,2006
51,2006
53,2006
55,2006
57,2006
67,2006
68,2006
68,2006
69,2006
73,2006
75,2006
76,2006
78,2006
80,2006
80,2006
87,2006
88,2006
90,2006
90,2006
90,2006
90,2006
92,2006
96,2006
96,2006
97,2006
98,2006
100,2006
100,2006
100,2006
100,2006
100,2006
106,2006
106,2006
110,2006
117,2006
124,2006
125,2006
128,2006
130,2006
140,2006
143,2006
146,2006
150,2006
156,2006
159,2006
167,2006
184,2006
193,2006
196,2006
200,2006
200,2006
200,2006
200,2006
200,2006
200,2006
200,2006
210,2006
228,2006
228,2006
255,2006
259,2006
274,2006
280,2006
286,2006
291,2006
295,2006
300,2006
300,2006
300,2006
300,2006
306,2006
311,2006
342,2006
350,2006
384,2006
400,2006
440,2006
445,2006
449,2006
450,2006
480,2006
493,2006
498,2006
500,2006
518,2006
560,2006
561,2006
600,2006
601,2006
603,2006
612,2006
618,2006
619,2006
629,2006
630,2006
632,2006
672,2006
700,2006
700,2006
720,2006
751,2006
762,2006
768,2006
851,2006
900,2006
900,2006
923,2006
988,2006
"1,000",2006
"1,000",2006
"1,000",2006
"1,000",2006
"1,000",2006
"1,000",2006
"1,076",2006
"1,095",2006
"1,100",2006
"1,100",2006
"1,100",2006
"1,100",2006
"1,122",2006
"1,132",2006
"1,132",2006
"1,195",2006
"1,200",2006
"1,200",2006
"1,200",2006
"1,221",2006
"1,237",2006
"1,243",2006
"1,250",2006
"1,294",2006
"1,300",2006
"1,300",2006
"1,351",2006
"1,372",2006
"1,400",2006
"1,400",2006
"1,500",2006
"1,500",2006
"1,500",2006
"1,502",2006
"1,510",2006
"1,550",2006
"1,550",2006
"1,597",2006
"1,600",2006
"1,600",2006
"1,600",2006
"1,700",2006
"1,740",2006
"1,800",2006
"1,850",2006
"1,924",2006
"2,000",2006
"2,000",2006
"2,000",2006
"2,000",2006
"2,000",2006
"2,000",2006
"2,000",2006
"2,000",2006
"2,089",2006
"2,093",2006
"2,100",2006
"2,200",2006
"2,200",2006
"2,250",2006
"2,359",2006
"2,400",2006
"2,400",2006
"2,480",2006
"2,482",2006
"2,486",2006
"2,500",2006
"2,500",2006
"2,500",2006
"2,500",2006
"2,500",2006
"2,534",2006
"3,000",2006
"3,000",2006
"3,020",2006
"3,235",2006
"3,396",2006
"3,570",2006
"3,600",2006
"3,800",2006
"3,957",2006
"4,000",2006
"4,000",2006
"4,000",2006
"4,000",2006
"4,118",2006
"4,150",2006
"4,327",2006
"4,400",2006
"4,500",2006
"4,600",2006
"4,600",2006
"4,600",2006
"4,624",2006
"4,719",2006
"4,800",2006
"5,000",2006
"5,000",2006
"5,000",2006
"5,210",2006
"5,800",2006
"5,800",2006
"6,000",2006
"6,000",2006
"6,000",2006
"6,028",2006
"6,244",2006
"6,500",2006
"6,500",2006
"6,939",2006
"7,000",2006
"7,700",2006
"7,800",2006
"8,400",2006
"8,500",2006
"8,800",2006
"9,200",2006
"9,250",2006
"9,290",2006
"9,300",2006
"9,300",2006
"9,468",2006
"9,800",2006
"10,500",2006
"11,384",2006
"12,000",2006
"12,000",2006
"13,000",2006
"13,000",2006
"13,000",2006
"13,700",2006
"14,000",2006
"14,000",2006
"14,000",2006
"14,500",2006
"15,000",2006
"15,000",2006
"15,000",2006
"15,000",2006
"16,000",2006
"16,000",2006
"16,500",2006
"16,500",2006
"17,000",2006
"17,000",2006
"17,000",2006
"17,000",2006
"17,000",2006
"17,500",2006
"19,000",2006
"19,000",2006
"19,640",2006
"20,000",2006
"21,000",2006
"21,000",2006
"21,000",2006
"22,500",2006
"23,000",2006
"24,350",2006
"25,000",2006
"26,000",2006
"26,000",2006
"27,000",2006
"27,000",2006
"28,000",2006
"28,473",2006
"30,000",2006
"30,000",2006
"30,000",2006
"31,000",2006
"32,000",2006
"33,000",2006
"34,000",2006
"34,400",2006
"34,863",2006
"35,000",2006
"36,000",2006
"38,000",2006
"38,000",2006
"38,253",2006
"38,443",2006
"38,941",2006
"39,000",2006
"40,000",2006
"41,000",2006
"41,000",2006
"43,000",2006
"43,764",2006
"48,000",2006
"50,000",2006
"50,400",2006
"51,000",2006
"60,080",2006
"61,000",2006
"63,000",2006
"64,000",2006
"64,000",2006
"65,000",2006
"70,000",2006
"72,000",2006
"84,000",2006
"90,000",2006
"92,000",2006
"92,541",2006
"93,000",2006
"100,000",2006
"100,000",2006
"101,000",2006
"112,270",2006
"132,470",2006
"146,000",2006
"150,000",2006
"160,000",2006
"180,000",2006
"188,000",2006
"196,000",2006
"197,000",2006
"200,000",2006
"207,750",2006
"231,000",2006
"235,903",2006
"240,000",2006
"243,000",2006
"257,800",2006
"266,200",2006
"300,000",2006
"309,000",2006
"332,000",2006
"350,000",2006
"365,000",2006
"382,000",2006
"396,279",2006
"573,000",2006
"650,000",2006
"722,000",2006
"800,000",2006
"930,000",2006
"1,000,000",2006
"1,300,000",2006
"1,350,000",2006
"1,400,000",2006
"1,700,000",2006
"2,000,000",2006
"2,600,000",2006
"17,781,500",2006
"26,500,000",2006
10,2007
11,2007
12,2007
13,2007
13,2007
14,2007
16,2007
16,2007
18,2007
20,2007
25,2007
29,2007
30,2007
34,2007
34,2007
40,2007
40,2007
42,2007
45,2007
47,2007
48,2007
49,2007
50,2007
52,2007
53,2007
54,2007
56,2007
56,2007
58,2007
60,2007
60,2007
60,2007
61,2007
67,2007
69,2007
72,2007
79,2007
80,2007
83,2007
88,2007
90,2007
91,2007
100,2007
100,2007
100,2007
100,2007
111,2007
111,2007
122,2007
123,2007
132,2007
138,2007
139,2007
140,2007
145,2007
150,2007
150,2007
175,2007
184,2007
197,2007
199,2007
200,2007
204,2007
209,2007
216,2007
219,2007
220,2007
237,2007
246,2007
250,2007
256,2007
270,2007
276,2007
279,2007
287,2007
297,2007
300,2007
300,2007
300,2007
302,2007
340,2007
365,2007
380,2007
400,2007
400,2007
400,2007
400,2007
409,2007
415,2007
420,2007
434,2007
498,2007
500,2007
500,2007
500,2007
500,2007
500,2007
519,2007
526,2007
537,2007
546,2007
550,2007
550,2007
550,2007
570,2007
578,2007
600,2007
600,2007
633,2007
652,2007
679,2007
737,2007
747,2007
750,2007
750,2007
750,2007
800,2007
800,2007
950,2007
988,2007
"1,000",2007
"1,000",2007
"1,006",2007
"1,092",2007
"1,100",2007
"1,100",2007
"1,120",2007
"1,200",2007
"1,200",2007
"1,200",2007
"1,200",2007
"1,220",2007
"1,300",2007
"1,400",2007
"1,400",2007
"1,400",2007
"1,400",2007
"1,425",2007
"1,433",2007
"1,446",2007
"1,482",2007
"1,485",2007
"1,500",2007
"1,500",2007
"1,554",2007
"1,600",2007
"1,608",2007
"1,753",2007
"1,800",2007
"1,823",2007
"1,886",2007
"1,900",2007
"1,950",2007
"1,951",2007
"2,000",2007
"2,000",2007
"2,000",2007
"2,000",2007
"2,108",2007
"2,200",2007
"2,226",2007
"2,297",2007
"2,300",2007
"2,400",2007
"2,700",2007
"2,700",2007
"2,718",2007
"2,940",2007
"3,000",2007
"3,000",2007
"3,000",2007
"3,000",2007
"3,000",2007
"3,000",2007
"3,000",2007
"3,000",2007
"3,031",2007
"3,100",2007
"3,212",2007
"3,250",2007
"3,400",2007
"3,500",2007
"3,500",2007
"3,560",2007
"3,913",2007
"3,930",2007
"4,000",2007
"4,000",2007
"4,000",2007
"4,000",2007
"4,100",2007
"4,285",2007
"4,375",2007
"4,500",2007
"4,500",2007
"4,500",2007
"5,000",2007
"5,000",2007
"5,098",2007
"5,100",2007
"5,105",2007
"5,208",2007
"5,234",2007
"5,247",2007
"5,500",2007
"5,563",2007
"5,600",2007
"5,735",2007
"5,783",2007
"5,800",2007
"6,000",2007
"6,000",2007
"6,000",2007
"6,540",2007
"7,000",2007
"7,000",2007
"7,300",2007
"7,460",2007
"7,500",2007
"7,500",2007
"7,766",2007
"7,800",2007
"8,000",2007
"8,000",2007
"8,000",2007
"8,585",2007
"9,000",2007
"9,297",2007
"9,297",2007
"10,000",2007
"10,000",2007
"10,000",2007
"10,000",2007
"10,200",2007
"10,500",2007
"10,501",2007
"10,554",2007
"10,600",2007
"11,000",2007
"11,000",2007
"11,500",2007
"11,500",2007
"12,000",2007
"12,000",2007
"12,000",2007
"12,000",2007
"12,000",2007
"12,876",2007
"13,000",2007
"13,000",2007
"14,000",2007
"14,000",2007
"16,000",2007
"16,000",2007
"17,000",2007
"17,000",2007
"17,400",2007
"20,000",2007
"20,000",2007
"20,000",2007
"21,000",2007
"22,000",2007
"22,396",2007
"22,634",2007
"23,000",2007
"25,000",2007
"27,000",2007
"28,000",2007
"29,000",2007
"30,000",2007
"30,000",2007
"31,000",2007
"31,500",2007
"33,000",2007
"34,000",2007
"35,000",2007
"35,000",2007
"38,700",2007
"40,000",2007
"42,000",2007
"44,023",2007
"45,000",2007
"45,000",2007
"46,000",2007
"47,000",2007
"48,686",2007
"50,000",2007
"51,000",2007
"63,400",2007
"65,000",2007
"65,000",2007
"67,000",2007
"68,779",2007
"70,000",2007
"70,000",2007
"70,000",2007
"75,000",2007
"75,000",2007
"75,000",2007
"76,600",2007
"79,000",2007
"80,000",2007
"90,000",2007
"100,000",2007
"100,000",2007
"106,000",2007
"112,000",2007
"130,000",2007
"130,000",2007
"135,000",2007
"140,000",2007
"150,000",2007
"159,000",2007
"160,000",2007
"171,000",2007
"185,000",2007
"197,000",2007
"200,000",2007
"230,000",2007
"230,000",2007
"243,000",2007
"268,000",2007
"268,000",2007
"280,000",2007
"300,000",2007
"300,000",2007
"337,000",2007
"445,000",2007
"450,000",2007
"583,000",2007
"774,723",2007
"800,000",2007
"867,000",2007
"1,000,000",2007
"1,300,000",2007
"1,500,000",2007
"2,900,000",2007
"6,300,000",2007
"8,500,000",2007
"8,500,000",2007
"8,500,000",2007
"100,000,000",2007
13,2008
19,2008
20,2008
24,2008
26,2008
28,2008
30,2008
30,2008
31,2008
32,2008
38,2008
40,2008
45,2008
70,2008
70,2008
86,2008
91,2008
100,2008
103,2008
109,2008
119,2008
137,2008
140,2008
150,2008
155,2008
156,2008
163,2008
190,2008
192,2008
198,2008
200,2008
202,2008
205,2008
216,2008
245,2008
247,2008
250,2008
250,2008
259,2008
260,2008
273,2008
299,2008
300,2008
300,2008
300,2008
312,2008
336,2008
380,2008
383,2008
384,2008
400,2008
400,2008
400,2008
480,2008
486,2008
492,2008
500,2008
500,2008
500,2008
500,2008
530,2008
535,2008
555,2008
570,2008
600,2008
627,2008
650,2008
675,2008
677,2008
700,2008
750,2008
798,2008
800,2008
800,2008
800,2008
800,2008
803,2008
826,2008
850,2008
890,2008
900,2008
900,2008
900,2008
990,2008
"1,000",2008
"1,000",2008
"1,000",2008
"1,000",2008
"1,000",2008
"1,000",2008
"1,000",2008
"1,004",2008
"1,006",2008
"1,200",2008
"1,200",2008
"1,279",2008
"1,367",2008
"1,400",2008
"1,430",2008
"1,500",2008
"1,500",2008
"1,500",2008
"1,600",2008
"1,700",2008
"1,800",2008
"1,800",2008
"1,800",2008
"1,800",2008
"1,900",2008
"2,000",2008
"2,000",2008
"2,000",2008
"2,000",2008
"2,000",2008
"2,000",2008
"2,035",2008
"2,100",2008
"2,500",2008
"2,500",2008
"2,600",2008
"2,600",2008
"2,700",2008
"2,800",2008
"2,815",2008
"2,845",2008
"2,900",2008
"3,000",2008
"3,100",2008
"3,300",2008
"3,348",2008
"3,437",2008
"3,500",2008
"3,500",2008
"3,569",2008
"3,600",2008
"4,000",2008
"4,000",2008
"4,250",2008
"4,259",2008
"4,300",2008
"4,359",2008
"4,690",2008
"4,700",2008
"4,700",2008
"4,733",2008
"4,800",2008
"5,000",2008
"5,000",2008
"5,000",2008
"5,000",2008
"5,000",2008
"5,000",2008
"5,000",2008
"5,000",2008
"5,000",2008
"5,000",2008
"5,000",2008
"5,100",2008
"5,700",2008
"6,000",2008
"6,000",2008
"6,200",2008
"6,313",2008
"6,440",2008
"6,488",2008
"6,600",2008
"7,000",2008
"7,000",2008
"7,000",2008
"8,000",2008
"8,800",2008
"9,000",2008
"9,000",2008
"9,000",2008
"9,100",2008
"9,300",2008
"9,500",2008
"10,000",2008
"10,219",2008
"10,597",2008
"11,000",2008
"11,000",2008
"11,000",2008
"11,300",2008
"11,500",2008
"13,000",2008
"13,000",2008
"13,000",2008
"13,800",2008
"15,000",2008
"16,000",2008
"16,857",2008
"17,000",2008
"17,241",2008
"18,000",2008
"18,432",2008
"19,000",2008
"20,000",2008
"20,000",2008
"20,400",2008
"21,000",2008
"23,000",2008
"25,000",2008
"25,000",2008
"25,000",2008
"28,168",2008
"29,800",2008
"30,000",2008
"30,000",2008
"33,000",2008
"35,000",2008
"36,000",2008
"37,000",2008
"38,000",2008
"38,000",2008
"40,000",2008
"40,000",2008
"40,000",2008
"42,000",2008
"45,500",2008
"47,000",2008
"49,841",2008
"51,000",2008
"51,000",2008
"55,000",2008
"55,000",2008
"56,000",2008
"57,160",2008
"59,419",2008
"60,000",2008
"68,857",2008
"70,000",2008
"70,000",2008
"71,000",2008
"72,000",2008
"74,256",2008
"80,000",2008
"80,124",2008
"84,554",2008
"88,000",2008
"89,000",2008
"92,095",2008
"97,000",2008
"98,930",2008
"100,000",2008
"103,000",2008
"108,000",2008
"119,000",2008
"128,000",2008
"128,000",2008
"150,000",2008
"200,000",2008
"202,000",2008
"226,000",2008
"259,193",2008
"260,000",2008
"300,000",2008
"321,000",2008
"330,000",2008
"700,000",2008
"700,000",2008
"1,000,000",2008
"1,100,000",2008
"2,100,000",2008
"2,200,000",2008
"3,400,000",2008
"4,200,000",2008
"12,500,000",2008
"17,000,000",2008
"80,000,000",2008
10,2009
19,2009
20,2009
20,2009
21,2009
25,2009
45,2009
45,2009
50,2009
53,2009
60,2009
60,2009
65,2009
100,2009
100,2009
100,2009
100,2009
101,2009
120,2009
140,2009
140,2009
140,2009
150,2009
160,2009
170,2009
175,2009
192,2009
200,2009
200,2009
200,2009
226,2009
230,2009
242,2009
250,2009
261,2009
292,2009
300,2009
300,2009
303,2009
341,2009
350,2009
350,2009
431,2009
450,2009
450,2009
455,2009
463,2009
475,2009
493,2009
500,2009
500,2009
500,2009
501,2009
501,2009
520,2009
550,2009
565,2009
596,2009
597,2009
600,2009
610,2009
623,2009
676,2009
766,2009
800,2009
857,2009
865,2009
900,2009
900,2009
942,2009
943,2009
952,2009
962,2009
"1,000",2009
"1,000",2009
"1,000",2009
"1,000",2009
"1,000",2009
"1,000",2009
"1,000",2009
"1,000",2009
"1,300",2009
"1,300",2009
"1,325",2009
"1,400",2009
"1,400",2009
"1,500",2009
"1,500",2009
"1,600",2009
"1,600",2009
"1,600",2009
"1,700",2009
"1,700",2009
"1,892",2009
"2,000",2009
"2,000",2009
"2,000",2009
"2,100",2009
"2,246",2009
"2,400",2009
"2,828",2009
"3,200",2009
"3,360",2009
"3,800",2009
"4,000",2009
"4,000",2009
"4,400",2009
"4,400",2009
"4,500",2009
"4,500",2009
"4,500",2009
"4,500",2009
"5,000",2009
"5,000",2009
"5,045",2009
"5,166",2009
"5,257",2009
"5,900",2009
"6,000",2009
"6,000",2009
"6,145",2009
"6,400",2009
"6,400",2009
"7,845",2009
"8,000",2009
"8,775",2009
"9,000",2009
"9,000",2009
"9,300",2009
"10,000",2009
"10,200",2009
"10,868",2009
"11,000",2009
"13,329",2009
"14,000",2009
"14,023",2009
"14,380",2009
"14,783",2009
"15,487",2009
"17,214",2009
"18,000",2009
"19,000",2009
"21,000",2009
"27,000",2009
"28,000",2009
"28,000",2009
"29,500",2009
"30,000",2009
"30,000",2009
"31,000",2009
"33,000",2009
"36,000",2009
"37,000",2009
"38,000",2009
"40,000",2009
"42,000",2009
"45,277",2009
"48,000",2009
"51,000",2009
"52,000",2009
"56,000",2009
"59,000",2009
"63,000",2009
"65,000",2009
"68,000",2009
"80,000",2009
"80,000",2009
"83,000",2009
"84,000",2009
"97,200",2009
"99,000",2009
"100,000",2009
"100,000",2009
"103,000",2009
"130,000",2009
"131,000",2009
"160,000",2009
"187,000",2009
"225,000",2009
"236,000",2009
"250,000",2009
"250,000",2009
"400,000",2009
"531,400",2009
"573,000",2009
"807,000",2009
"1,000,000",2009
"1,500,000",2009
"5,000,000",2009
"32,000,000",2009
"76,000,000",2009
"130,000,000",2009
4,2010
8,2010
8,2010
11,2010
12,2010
12,2010
13,2010
14,2010
14,2010
15,2010
16,2010
17,2010
18,2010
18,2010
19,2010
20,2010
20,2010
20,2010
20,2010
23,2010
24,2010
24,2010
24,2010
25,2010
30,2010
30,2010
30,2010
30,2010
30,2010
32,2010
35,2010
36,2010
38,2010
40,2010
43,2010
50,2010
50,2010
50,2010
50,2010
53,2010
55,2010
58,2010
60,2010
60,2010
60,2010
62,2010
68,2010
70,2010
75,2010
77,2010
81,2010
82,2010
89,2010
100,2010
100,2010
100,2010
100,2010
100,2010
106,2010
110,2010
114,2010
117,2010
121,2010
128,2010
135,2010
140,2010
143,2010
145,2010
146,2010
147,2010
150,2010
160,2010
183,2010
197,2010
200,2010
200,2010
200,2010
200,2010
200,2010
200,2010
200,2010
200,2010
200,2010
200,2010
210,2010
210,2010
225,2010
232,2010
239,2010
244,2010
245,2010
250,2010
260,2010
260,2010
300,2010
349,2010
369,2010
400,2010
400,2010
500,2010
500,2010
500,2010
500,2010
500,2010
500,2010
500,2010
507,2010
528,2010
532,2010
532,2010
535,2010
540,2010
540,2010
542,2010
542,2010
550,2010
554,2010
554,2010
556,2010
556,2010
560,2010
568,2010
578,2010
578,2010
584,2010
585,2010
585,2010
585,2010
596,2010
600,2010
600,2010
600,2010
600,2010
605,2010
613,2010
613,2010
616,2010
625,2010
625,2010
649,2010
653,2010
656,2010
657,2010
657,2010
660,2010
669,2010
669,2010
689,2010
689,2010
692,2010
692,2010
694,2010
694,2010
700,2010
700,2010
706,2010
708,2010
709,2010
716,2010
735,2010
735,2010
757,2010
757,2010
759,2010
771,2010
771,2010
800,2010
800,2010
800,2010
800,2010
800,2010
800,2010
800,2010
808,2010
812,2010
837,2010
837,2010
845,2010
845,2010
857,2010
878,2010
900,2010
900,2010
900,2010
928,2010
928,2010
937,2010
955,2010
955,2010
956,2010
957,2010
957,2010
967,2010
967,2010
969,2010
"1,000",2010
"1,000",2010
"1,000",2010
"1,000",2010
"1,000",2010
"1,000",2010
"1,000",2010
"1,000",2010
"1,000",2010
"1,000",2010
"1,000",2010
"1,000",2010
"1,000",2010
"1,000",2010
"1,001",2010
"1,012",2010
"1,017",2010
"1,020",2010
"1,023",2010
"1,073",2010
"1,076",2010
"1,085",2010
"1,085",2010
"1,097",2010
"1,097",2010
"1,100",2010
"1,100",2010
"1,101",2010
"1,104",2010
"1,104",2010
"1,105",2010
"1,191",2010
"1,199",2010
"1,200",2010
"1,200",2010
"1,200",2010
"1,200",2010
"1,200",2010
"1,200",2010
"1,200",2010
"1,250",2010
"1,250",2010
"1,270",2010
"1,270",2010
"1,272",2010
"1,285",2010
"1,286",2010
"1,298",2010
"1,300",2010
"1,300",2010
"1,300",2010
"1,300",2010
"1,300",2010
"1,309",2010
"1,309",2010
"1,361",2010
"1,361",2010
"1,400",2010
"1,400",2010
"1,427",2010
"1,430",2010
"1,433",2010
"1,438",2010
"1,474",2010
"1,474",2010
"1,474",2010
"1,500",2010
"1,500",2010
"1,500",2010
"1,501",2010
"1,537",2010
"1,537",2010
"1,550",2010
"1,590",2010
"1,590",2010
"1,600",2010
"1,646",2010
"1,700",2010
"1,700",2010
"1,711",2010
"1,711",2010
"1,716",2010
"1,740",2010
"1,744",2010
"1,744",2010
"1,745",2010
"1,824",2010
"1,860",2010
"1,874",2010
"1,874",2010
"1,900",2010
"1,907",2010
"1,907",2010
"1,907",2010
"1,950",2010
"1,950",2010
"2,000",2010
"2,000",2010
"2,000",2010
"2,000",2010
"2,000",2010
"2,000",2010
"2,000",2010
"2,000",2010
"2,000",2010
"2,000",2010
"2,027",2010
"2,027",2010
"2,047",2010
"2,047",2010
"2,089",2010
"2,089",2010
"2,123",2010
"2,200",2010
"2,207",2010
"2,284",2010
"2,300",2010
"2,300",2010
"2,300",2010
"2,345",2010
"2,345",2010
"2,400",2010
"2,416",2010
"2,416",2010
"2,465",2010
"2,484",2010
"2,499",2010
"2,500",2010
"2,550",2010
"2,562",2010
"2,563",2010
"2,563",2010
"2,600",2010
"2,628",2010
"2,631",2010
"2,631",2010
"2,672",2010
"2,698",2010
"2,739",2010
"2,739",2010
"2,773",2010
"2,811",2010
"2,850",2010
"2,928",2010
"2,928",2010
"3,000",2010
"3,000",2010
"3,000",2010
"3,097",2010
"3,159",2010
"3,159",2010
"3,178",2010
"3,288",2010
"3,288",2010
"3,400",2010
"3,400",2010
"3,404",2010
"3,500",2010
"3,500",2010
"3,500",2010
"3,526",2010
"3,594",2010
"3,700",2010
"3,700",2010
"3,700",2010
"3,800",2010
"3,800",2010
"3,800",2010
"3,830",2010
"3,830",2010
"3,900",2010
"3,900",2010
"3,936",2010
"4,000",2010
"4,004",2010
"4,044",2010
"4,083",2010
"4,200",2010
"4,328",2010
"4,328",2010
"4,486",2010
"4,585",2010
"4,586",2010
"4,700",2010
"4,700",2010
"5,000",2010
"5,000",2010
"5,000",2010
"5,000",2010
"5,080",2010
"5,148",2010
"5,220",2010
"5,220",2010
"5,418",2010
"5,432",2010
"5,450",2010
"5,450",2010
"5,500",2010
"5,700",2010
"5,893",2010
"6,000",2010
"6,372",2010
"6,800",2010
"6,800",2010
"6,800",2010
"6,873",2010
"7,000",2010
"7,000",2010
"7,081",2010
"7,174",2010
"7,250",2010
"7,300",2010
"7,300",2010
"7,500",2010
"7,526",2010
"7,526",2010
"8,000",2010
"8,000",2010
"8,000",2010
"8,000",2010
"8,000",2010
"8,000",2010
"8,181",2010
"8,200",2010
"8,300",2010
"8,300",2010
"8,373",2010
"8,400",2010
"8,700",2010
"8,861",2010
"9,000",2010
"9,000",2010
"9,000",2010
"9,000",2010
"9,309",2010
"9,309",2010
"9,386",2010
"9,475",2010
"9,475",2010
"9,493",2010
"9,493",2010
"9,500",2010
"9,500",2010
"10,000",2010
"10,000",2010
"10,100",2010
"10,100",2010
"10,174",2010
"10,515",2010
"10,600",2010
"11,000",2010
"11,000",2010
"11,388",2010
"11,440",2010
"11,440",2010
"11,982",2010
"12,000",2010
"12,000",2010
"12,000",2010
"12,000",2010
"12,000",2010
"12,000",2010
"12,500",2010
"12,580",2010
"13,000",2010
"13,000",2010
"13,800",2010
"13,867",2010
"14,000",2010
"15,000",2010
"15,000",2010
"15,000",2010
"15,000",2010
"15,500",2010
"15,500",2010
"16,291",2010
"16,291",2010
"16,500",2010
"16,820",2010
"17,000",2010
"18,000",2010
"18,500",2010
"19,200",2010
"19,222",2010
"19,222",2010
"19,264",2010
"19,495",2010
"20,000",2010
"21,000",2010
"21,000",2010
"21,000",2010
"21,000",2010
"22,000",2010
"22,012",2010
"22,642",2010
"24,600",2010
"24,600",2010
"24,750",2010
"25,000",2010
"25,000",2010
"25,000",2010
"25,000",2010
"26,840",2010
"27,000",2010
"27,000",2010
"27,000",2010
"29,000",2010
"30,000",2010
"31,700",2010
"31,700",2010
"32,842",2010
"33,000",2010
"33,000",2010
"34,000",2010
"35,000",2010
"35,000",2010
"35,000",2010
"37,000",2010
"39,000",2010
"40,000",2010
"40,000",2010
"40,000",2010
"40,101",2010
"40,806",2010
"43,000",2010
"44,000",2010
"45,600",2010
"50,000",2010
"52,853",2010
"53,000",2010
"54,165",2010
"56,000",2010
"58,000",2010
"60,000",2010
"60,998",2010
"61,000",2010
"61,001",2010
"75,000",2010
"76,000",2010
"77,000",2010
"79,000",2010
"79,000",2010
"80,000",2010
"83,945",2010
"93,000",2010
"105,470",2010
"105,470",2010
"110,000",2010
"115,000",2010
"117,600",2010
"120,000",2010
"126,000",2010
"130,495",2010
"130,495",2010
"139,000",2010
"139,000",2010
"170,000",2010
"180,111",2010
"180,111",2010
"200,000",2010
"200,000",2010
"207,000",2010
"344,579",2010
"378,000",2010
"398,000",2010
"406,000",2010
"409,262",2010
"470,000",2010
"475,000",2010
"500,000",2010
"600,000",2010
"750,000",2010
"800,000",2010
"800,000",2010
"1,023,210",2010
"1,023,210",2010
"1,200,000",2010
"1,220,000",2010
"1,220,000",2010
"1,300,000",2010
"3,300,000",2010
"4,900,000",2010
"13,000,000",2010
"100,000,000",2010
10,2011
10,2011
11,2011
11,2011
12,2011
12,2011
12,2011
13,2011
14,2011
15,2011
15,2011
16,2011
16,2011
17,2011
20,2011
20,2011
20,2011
22,2011
22,2011
22,2011
23,2011
24,2011
26,2011
27,2011
28,2011
29,2011
30,2011
30,2011
30,2011
30,2011
30,2011
33,2011
38,2011
40,2011
40,2011
40,2011
40,2011
42,2011
45,2011
47,2011
48,2011
50,2011
50,2011
50,2011
50,2011
50,2011
50,2011
55,2011
58,2011
60,2011
60,2011
60,2011
70,2011
73,2011
74,2011
74,2011
80,2011
83,2011
85,2011
90,2011
91,2011
95,2011
98,2011
98,2011
100,2011
100,2011
100,2011
100,2011
100,2011
100,2011
100,2011
100,2011
100,2011
100,2011
100,2011
100,2011
113,2011
114,2011
117,2011
125,2011
140,2011
142,2011
149,2011
149,2011
150,2011
161,2011
172,2011
180,2011
185,2011
200,2011
200,2011
200,2011
200,2011
211,2011
237,2011
250,2011
250,2011
265,2011
266,2011
300,2011
300,2011
300,2011
321,2011
327,2011
348,2011
350,2011
357,2011
363,2011
370,2011
380,2011
382,2011
400,2011
444,2011
474,2011
493,2011
500,2011
500,2011
500,2011
500,2011
500,2011
500,2011
500,2011
500,2011
500,2011
501,2011
501,2011
501,2011
501,2011
506,2011
506,2011
507,2011
514,2011
514,2011
518,2011
518,2011
520,2011
520,2011
532,2011
546,2011
546,2011
550,2011
550,2011
551,2011
563,2011
563,2011
566,2011
566,2011
567,2011
579,2011
581,2011
599,2011
600,2011
600,2011
600,2011
611,2011
611,2011
617,2011
620,2011
621,2011
625,2011
635,2011
635,2011
638,2011
638,2011
639,2011
650,2011
650,2011
650,2011
654,2011
654,2011
654,2011
656,2011
656,2011
667,2011
667,2011
670,2011
670,2011
675,2011
686,2011
688,2011
694,2011
694,2011
699,2011
700,2011
700,2011
705,2011
705,2011
712,2011
720,2011
731,2011
750,2011
750,2011
757,2011
757,2011
765,2011
772,2011
800,2011
800,2011
800,2011
800,2011
810,2011
810,2011
815,2011
815,2011
828,2011
845,2011
850,2011
863,2011
863,2011
864,2011
870,2011
878,2011
878,2011
880,2011
880,2011
884,2011
884,2011
927,2011
927,2011
935,2011
935,2011
942,2011
950,2011
950,2011
950,2011
"1,000",2011
"1,000",2011
"1,000",2011
"1,000",2011
"1,008",2011
"1,008",2011
"1,031",2011
"1,070",2011
"1,086",2011
"1,089",2011
"1,100",2011
"1,100",2011
"1,105",2011
"1,105",2011
"1,180",2011
"1,192",2011
"1,200",2011
"1,200",2011
"1,200",2011
"1,200",2011
"1,200",2011
"1,200",2011
"1,215",2011
"1,226",2011
"1,250",2011
"1,250",2011
"1,259",2011
"1,263",2011
"1,280",2011
"1,280",2011
"1,288",2011
"1,288",2011
"1,300",2011
"1,300",2011
"1,300",2011
"1,311",2011
"1,336",2011
"1,378",2011
"1,388",2011
"1,400",2011
"1,400",2011
"1,400",2011
"1,432",2011
"1,438",2011
"1,470",2011
"1,472",2011
"1,472",2011
"1,475",2011
"1,500",2011
"1,500",2011
"1,500",2011
"1,536",2011
"1,537",2011
"1,537",2011
"1,562",2011
"1,597",2011
"1,631",2011
"1,691",2011
"1,696",2011
"1,696",2011
"1,700",2011
"1,700",2011
"1,770",2011
"1,770",2011
"1,797",2011
"1,800",2011
"1,800",2011
"1,800",2011
"1,800",2011
"1,800",2011
"1,800",2011
"1,814",2011
"1,848",2011
"1,870",2011
"1,870",2011
"1,900",2011
"1,938",2011
"1,986",2011
"2,000",2011
"2,000",2011
"2,000",2011
"2,000",2011
"2,000",2011
"2,000",2011
"2,000",2011
"2,000",2011
"2,000",2011
"2,000",2011
"2,000",2011
"2,000",2011
"2,000",2011
"2,000",2011
"2,012",2011
"2,021",2011
"2,059",2011
"2,059",2011
"2,184",2011
"2,185",2011
"2,200",2011
"2,200",2011
"2,200",2011
"2,200",2011
"2,209",2011
"2,250",2011
"2,250",2011
"2,291",2011
"2,300",2011
"2,334",2011
"2,367",2011
"2,370",2011
"2,400",2011
"2,400",2011
"2,400",2011
"2,400",2011
"2,450",2011
"2,464",2011
"2,500",2011
"2,500",2011
"2,541",2011
"2,600",2011
"2,600",2011
"2,600",2011
"2,600",2011
"2,600",2011
"2,621",2011
"2,700",2011
"2,700",2011
"2,700",2011
"2,717",2011
"2,761",2011
"2,777",2011
"2,777",2011
"2,800",2011
"2,900",2011
"2,900",2011
"2,900",2011
"2,979",2011
"2,988",2011
"3,000",2011
"3,000",2011
"3,000",2011
"3,000",2011
"3,079",2011
"3,100",2011
"3,116",2011
"3,116",2011
"3,150",2011
"3,150",2011
"3,150",2011
"3,192",2011
"3,200",2011
"3,266",2011
"3,463",2011
"3,482",2011
"3,500",2011
"3,589",2011
"3,590",2011
"3,600",2011
"3,604",2011
"3,655",2011
"3,655",2011
"3,897",2011
"3,950",2011
"3,950",2011
"3,994",2011
"4,000",2011
"4,000",2011
"4,000",2011
"4,000",2011
"4,200",2011
"4,200",2011
"4,300",2011
"4,486",2011
"4,500",2011
"4,500",2011
"4,500",2011
"4,573",2011
"4,693",2011
"4,800",2011
"4,800",2011
"4,900",2011
"5,000",2011
"5,000",2011
"5,000",2011
"5,000",2011
"5,000",2011
"5,400",2011
"5,596",2011
"5,600",2011
"5,800",2011
"5,848",2011
"5,960",2011
"6,000",2011
"6,000",2011
"6,000",2011
"6,006",2011
"6,030",2011
"6,500",2011
"6,672",2011
"7,019",2011
"7,059",2011
"7,093",2011
"7,226",2011
"7,366",2011
"7,500",2011
"7,500",2011
"7,566",2011
"7,581",2011
"7,602",2011
"7,971",2011
"8,000",2011
"8,000",2011
"8,000",2011
"8,241",2011
"8,241",2011
"8,275",2011
"8,795",2011
"8,845",2011
"8,845",2011
"9,000",2011
"9,393",2011
"9,497",2011
"9,922",2011
"10,000",2011
"10,000",2011
"10,000",2011
"10,000",2011
"10,000",2011
"10,000",2011
"10,000",2011
"10,190",2011
"10,190",2011
"10,345",2011
"10,345",2011
"10,705",2011
"11,081",2011
"11,387",2011
"11,982",2011
"12,000",2011
"12,000",2011
"12,000",2011
"12,000",2011
"12,009",2011
"12,563",2011
"12,563",2011
"12,784",2011
"12,800",2011
"12,815",2011
"13,000",2011
"13,000",2011
"13,000",2011
"13,079",2011
"13,412",2011
"13,412",2011
"13,500",2011
"14,000",2011
"14,000",2011
"14,475",2011
"14,500",2011
"14,623",2011
"14,750",2011
"15,000",2011
"15,000",2011
"15,677",2011
"15,727",2011
"16,000",2011
"16,000",2011
"16,200",2011
"16,200",2011
"16,288",2011
"17,000",2011
"17,000",2011
"18,059",2011
"18,871",2011
"18,871",2011
"19,276",2011
"19,651",2011
"19,799",2011
"20,000",2011
"20,000",2011
"20,000",2011
"20,744",2011
"20,744",2011
"22,001",2011
"22,568",2011
"23,500",2011
"24,361",2011
"24,903",2011
"25,000",2011
"25,330",2011
"25,330",2011
"29,143",2011
"31,000",2011
"31,125",2011
"31,931",2011
"32,008",2011
"32,390",2011
"34,000",2011
"36,000",2011
"37,000",2011
"37,000",2011
"40,000",2011
"43,000",2011
"50,000",2011
"55,000",2011
"60,000",2011
"63,425",2011
"63,425",2011
"63,587",2011
"68,063",2011
"69,000",2011
"70,000",2011
"72,000",2011
"78,000",2011
"78,042",2011
"79,000",2011
"80,000",2011
"82,265",2011
"84,000",2011
"84,000",2011
"89,519",2011
"91,763",2011
"93,500",2011
"93,500",2011
"94,000",2011
"100,000",2011
"132,940",2011
"133,000",2011
"142,000",2011
"156,000",2011
"156,000",2011
"176,300",2011
"176,567",2011
"200,000",2011
"210,000",2011
"231,400",2011
"231,400",2011
"300,000",2011
"300,000",2011
"300,000",2011
"360,000",2011
"400,000",2011
"400,000",2011
"400,000",2011
"514,330",2011
"514,330",2011
"943,434",2011
"1,000,000",2011
"1,055,490",2011
"1,290,000",2011
"1,600,000",2011
"1,700,000",2011
"1,700,000",2011
"1,900,000",2011
"1,900,000",2011
"3,000,000",2011
"3,500,000",2011
"4,240,000",2011
"4,900,000",2011
"5,117,800",2011
"18,000,000",2011
"35,000,000",2011
"101,600,000",2011
"250,000,000",2011
10,2012
10,2012
11,2012
12,2012
12,2012
12,2012
12,2012
13,2012
13,2012
15,2012
15,2012
15,2012
15,2012
15,2012
16,2012
16,2012
16,2012
18,2012
18,2012
20,2012
20,2012
21,2012
22,2012
23,2012
24,2012
28,2012
30,2012
30,2012
30,2012
30,2012
30,2012
31,2012
32,2012
32,2012
34,2012
36,2012
36,2012
37,2012
39,2012
39,2012
39,2012
39,2012
40,2012
40,2012
42,2012
44,2012
45,2012
45,2012
50,2012
50,2012
50,2012
50,2012
54,2012
56,2012
56,2012
66,2012
72,2012
79,2012
81,2012
86,2012
100,2012
100,2012
100,2012
100,2012
100,2012
100,2012
100,2012
100,2012
100,2012
101,2012
102,2012
108,2012
111,2012
121,2012
123,2012
125,2012
130,2012
130,2012
150,2012
159,2012
168,2012
170,2012
170,2012
180,2012
180,2012
180,2012
184,2012
200,2012
200,2012
200,2012
200,2012
201,2012
203,2012
214,2012
218,2012
219,2012
220,2012
227,2012
230,2012
236,2012
250,2012
250,2012
250,2012
250,2012
256,2012
258,2012
279,2012
282,2012
284,2012
291,2012
294,2012
300,2012
300,2012
300,2012
300,2012
330,2012
340,2012
350,2012
350,2012
353,2012
363,2012
391,2012
400,2012
400,2012
400,2012
400,2012
400,2012
416,2012
434,2012
442,2012
445,2012
450,2012
454,2012
461,2012
480,2012
480,2012
500,2012
500,2012
500,2012
500,2012
500,2012
500,2012
500,2012
500,2012
500,2012
501,2012
502,2012
508,2012
508,2012
513,2012
513,2012
518,2012
540,2012
540,2012
549,2012
550,2012
550,2012
555,2012
555,2012
555,2012
566,2012
566,2012
567,2012
568,2012
577,2012
577,2012
585,2012
585,2012
591,2012
600,2012
600,2012
600,2012
600,2012
603,2012
613,2012
615,2012
615,2012
617,2012
632,2012
632,2012
638,2012
638,2012
640,2012
642,2012
647,2012
647,2012
650,2012
660,2012
674,2012
683,2012
683,2012
686,2012
687,2012
698,2012
700,2012
700,2012
700,2012
702,2012
703,2012
708,2012
712,2012
712,2012
719,2012
721,2012
728,2012
728,2012
741,2012
745,2012
745,2012
745,2012
750,2012
750,2012
750,2012
754,2012
754,2012
756,2012
771,2012
771,2012
800,2012
800,2012
824,2012
824,2012
824,2012
824,2012
844,2012
844,2012
847,2012
850,2012
870,2012
875,2012
875,2012
880,2012
883,2012
925,2012
925,2012
940,2012
942,2012
942,2012
948,2012
950,2012
955,2012
955,2012
961,2012
961,2012
980,2012
"1,000",2012
"1,000",2012
"1,000",2012
"1,000",2012
"1,000",2012
"1,000",2012
"1,000",2012
"1,000",2012
"1,000",2012
"1,000",2012
"1,000",2012
"1,000",2012
"1,000",2012
"1,017",2012
"1,017",2012
"1,018",2012
"1,073",2012
"1,090",2012
"1,090",2012
"1,100",2012
"1,100",2012
"1,100",2012
"1,102",2012
"1,102",2012
"1,134",2012
"1,134",2012
"1,137",2012
"1,137",2012
"1,175",2012
"1,182",2012
"1,182",2012
"1,200",2012
"1,200",2012
"1,219",2012
"1,219",2012
"1,229",2012
"1,240",2012
"1,253",2012
"1,287",2012
"1,287",2012
"1,290",2012
"1,298",2012
"1,300",2012
"1,300",2012
"1,300",2012
"1,306",2012
"1,306",2012
"1,313",2012
"1,332",2012
"1,366",2012
"1,370",2012
"1,370",2012
"1,370",2012
"1,400",2012
"1,409",2012
"1,423",2012
"1,431",2012
"1,442",2012
"1,444",2012
"1,444",2012
"1,444",2012
"1,500",2012
"1,500",2012
"1,500",2012
"1,500",2012
"1,500",2012
"1,500",2012
"1,504",2012
"1,504",2012
"1,549",2012
"1,549",2012
"1,593",2012
"1,597",2012
"1,655",2012
"1,670",2012
"1,670",2012
"1,700",2012
"1,700",2012
"1,749",2012
"1,749",2012
"1,755",2012
"1,784",2012
"1,818",2012
"1,846",2012
"1,846",2012
"1,871",2012
"1,900",2012
"1,900",2012
"1,926",2012
"1,945",2012
"1,972",2012
"2,000",2012
"2,000",2012
"2,000",2012
"2,000",2012
"2,000",2012
"2,000",2012
"2,000",2012
"2,026",2012
"2,038",2012
"2,067",2012
"2,070",2012
"2,088",2012
"2,100",2012
"2,100",2012
"2,100",2012
"2,109",2012
"2,159",2012
"2,159",2012
"2,200",2012
"2,200",2012
"2,258",2012
"2,264",2012
"2,300",2012
"2,300",2012
"2,300",2012
"2,300",2012
"2,365",2012
"2,376",2012
"2,376",2012
"2,457",2012
"2,462",2012
"2,480",2012
"2,500",2012
"2,500",2012
"2,500",2012
"2,533",2012
"2,557",2012
"2,559",2012
"2,560",2012
"2,575",2012
"2,643",2012
"2,700",2012
"2,700",2012
"2,700",2012
"2,743",2012
"2,743",2012
"2,777",2012
"2,863",2012
"2,875",2012
"2,900",2012
"2,900",2012
"2,905",2012
"2,917",2012
"2,917",2012
"2,937",2012
"2,988",2012
"3,000",2012
"3,000",2012
"3,000",2012
"3,000",2012
"3,000",2012
"3,000",2012
"3,000",2012
"3,031",2012
"3,040",2012
"3,100",2012
"3,100",2012
"3,183",2012
"3,183",2012
"3,200",2012
"3,212",2012
"3,410",2012
"3,440",2012
"3,482",2012
"3,500",2012
"3,503",2012
"3,600",2012
"3,600",2012
"3,645",2012
"3,657",2012
"3,700",2012
"3,800",2012
"3,800",2012
"3,897",2012
"3,900",2012
"3,900",2012
"3,900",2012
"3,900",2012
"3,997",2012
"4,000",2012
"4,000",2012
"4,000",2012
"4,000",2012
"4,056",2012
"4,100",2012
"4,100",2012
"4,211",2012
"4,289",2012
"4,343",2012
"4,354",2012
"4,400",2012
"4,400",2012
"4,490",2012
"4,490",2012
"4,504",2012
"4,645",2012
"4,657",2012
"4,800",2012
"4,800",2012
"4,873",2012
"4,873",2012
"4,907",2012
"4,907",2012
"4,929",2012
"5,000",2012
"5,600",2012
"5,700",2012
"5,713",2012
"5,713",2012
"5,748",2012
"5,827",2012
"5,860",2012
"6,262",2012
"6,300",2012
"6,378",2012
"6,400",2012
"6,601",2012
"6,601",2012
"6,678",2012
"6,745",2012
"6,745",2012
"6,831",2012
"6,831",2012
"7,000",2012
"7,000",2012
"7,000",2012
"7,000",2012
"7,067",2012
"7,067",2012
"7,100",2012
"7,121",2012
"7,226",2012
"7,461",2012
"7,500",2012
"7,606",2012
"7,700",2012
"7,706",2012
"7,757",2012
"7,800",2012
"7,923",2012
"8,000",2012
"8,300",2012
"8,488",2012
"8,500",2012
"8,855",2012
"9,000",2012
"9,100",2012
"9,497",2012
"9,500",2012
"9,558",2012
"9,565",2012
"9,565",2012
"9,953",2012
"10,000",2012
"10,000",2012
"10,000",2012
"10,000",2012
"10,271",2012
"10,480",2012
"10,704",2012
"11,081",2012
"11,136",2012
"11,646",2012
"11,646",2012
"12,456",2012
"12,937",2012
"13,000",2012
"13,000",2012
"13,000",2012
"13,000",2012
"13,074",2012
"13,800",2012
"14,000",2012
"14,000",2012
"14,000",2012
"14,000",2012
"14,004",2012
"14,004",2012
"14,495",2012
"14,511",2012
"15,000",2012
"15,000",2012
"15,000",2012
"15,000",2012
"15,399",2012
"16,000",2012
"17,000",2012
"17,000",2012
"17,000",2012
"17,000",2012
"17,130",2012
"18,000",2012
"18,000",2012
"18,000",2012
"18,763",2012
"18,931",2012
"19,000",2012
"19,100",2012
"19,100",2012
"20,000",2012
"20,000",2012
"20,915",2012
"21,000",2012
"23,000",2012
"23,246",2012
"26,000",2012
"27,000",2012
"27,098",2012
"27,257",2012
"27,799",2012
"27,800",2012
"28,000",2012
"28,187",2012
"28,893",2012
"29,000",2012
"30,000",2012
"30,000",2012
"30,000",2012
"31,800",2012
"32,000",2012
"35,488",2012
"35,959",2012
"36,000",2012
"42,000",2012
"42,000",2012
"46,943",2012
"50,000",2012
"50,000",2012
"50,000",2012
"55,000",2012
"55,000",2012
"56,820",2012
"64,846",2012
"64,846",2012
"65,700",2012
"65,700",2012
"66,601",2012
"66,601",2012
"71,000",2012
"72,794",2012
"81,000",2012
"82,000",2012
"86,000",2012
"87,667",2012
"95,000",2012
"100,000",2012
"100,000",2012
"100,000",2012
"100,000",2012
"102,153",2012
"105,646",2012
"110,795",2012
"116,506",2012
"123,201",2012
"171,000",2012
"189,489",2012
"200,000",2012
"200,050",2012
"228,435",2012
"228,435",2012
"235,000",2012
"260,000",2012
"300,000",2012
"315,000",2012
"315,000",2012
"350,000",2012
"350,000",2012
"400,000",2012
"420,000",2012
"453,492",2012
"650,000",2012
"654,000",2012
"701,000",2012
"780,000",2012
"780,000",2012
"800,000",2012
"1,000,000",2012
"1,000,000",2012
"1,245,000",2012
"3,000,000",2012
"6,400,000",2012
"6,500,000",2012
"7,000,000",2012
"24,000,000",2012
"68,000,000",2012
"167,000,000",2012
4,2013
8,2013
10,2013
14,2013
18,2013
20,2013
22,2013
23,2013
25,2013
25,2013
30,2013
40,2013
45,2013
50,2013
55,2013
75,2013
78,2013
80,2013
87,2013
100,2013
100,2013
100,2013
100,2013
106,2013
111,2013
115,2013
124,2013
125,2013
132,2013
140,2013
164,2013
180,2013
200,2013
200,2013
200,2013
200,2013
232,2013
261,2013
283,2013
300,2013
300,2013
300,2013
311,2013
400,2013
400,2013
407,2013
419,2013
430,2013
433,2013
441,2013
456,2013
466,2013
480,2013
500,2013
500,2013
500,2013
500,2013
500,2013
500,2013
501,2013
517,2013
517,2013
527,2013
532,2013
532,2013
532,2013
532,2013
535,2013
537,2013
537,2013
537,2013
539,2013
539,2013
550,2013
550,2013
554,2013
566,2013
566,2013
566,2013
571,2013
579,2013
589,2013
596,2013
596,2013
603,2013
606,2013
606,2013
609,2013
609,2013
610,2013
610,2013
628,2013
629,2013
629,2013
631,2013
635,2013
643,2013
647,2013
651,2013
651,2013
652,2013
654,2013
654,2013
674,2013
678,2013
679,2013
686,2013
687,2013
687,2013
697,2013
700,2013
700,2013
700,2013
700,2013
710,2013
710,2013
716,2013
725,2013
750,2013
750,2013
778,2013
788,2013
789,2013
800,2013
800,2013
800,2013
818,2013
818,2013
832,2013
834,2013
834,2013
842,2013
852,2013
857,2013
877,2013
900,2013
900,2013
915,2013
915,2013
916,2013
919,2013
921,2013
921,2013
940,2013
945,2013
949,2013
949,2013
950,2013
959,2013
960,2013
960,2013
979,2013
998,2013
"1,000",2013
"1,000",2013
"1,000",2013
"1,001",2013
"1,009",2013
"1,009",2013
"1,015",2013
"1,015",2013
"1,025",2013
"1,033",2013
"1,039",2013
"1,039",2013
"1,067",2013
"1,067",2013
"1,076",2013
"1,087",2013
"1,093",2013
"1,093",2013
"1,100",2013
"1,100",2013
"1,103",2013
"1,103",2013
"1,105",2013
"1,127",2013
"1,167",2013
"1,167",2013
"1,167",2013
"1,180",2013
"1,182",2013
"1,184",2013
"1,200",2013
"1,200",2013
"1,200",2013
"1,200",2013
"1,217",2013
"1,222",2013
"1,279",2013
"1,290",2013
"1,300",2013
"1,300",2013
"1,300",2013
"1,300",2013
"1,300",2013
"1,307",2013
"1,310",2013
"1,310",2013
"1,315",2013
"1,344",2013
"1,350",2013
"1,357",2013
"1,360",2013
"1,360",2013
"1,361",2013
"1,368",2013
"1,382",2013
"1,386",2013
"1,396",2013
"1,396",2013
"1,400",2013
"1,400",2013
"1,400",2013
"1,407",2013
"1,416",2013
"1,416",2013
"1,456",2013
"1,456",2013
"1,471",2013
"1,483",2013
"1,499",2013
"1,499",2013
"1,500",2013
"1,500",2013
"1,500",2013
"1,519",2013
"1,556",2013
"1,566",2013
"1,573",2013
"1,580",2013
"1,586",2013
"1,586",2013
"1,670",2013
"1,678",2013
"1,683",2013
"1,700",2013
"1,700",2013
"1,746",2013
"1,771",2013
"1,800",2013
"1,800",2013
"1,819",2013
"1,825",2013
"1,837",2013
"1,837",2013
"1,891",2013
"1,891",2013
"1,900",2013
"1,900",2013
"1,911",2013
"1,911",2013
"1,920",2013
"1,924",2013
"1,955",2013
"1,955",2013
"2,000",2013
"2,000",2013
"2,000",2013
"2,000",2013
"2,000",2013
"2,029",2013
"2,045",2013
"2,045",2013
"2,080",2013
"2,082",2013
"2,125",2013
"2,182",2013
"2,182",2013
"2,203",2013
"2,203",2013
"2,237",2013
"2,261",2013
"2,261",2013
"2,279",2013
"2,279",2013
"2,300",2013
"2,300",2013
"2,300",2013
"2,300",2013
"2,350",2013
"2,350",2013
"2,354",2013
"2,360",2013
"2,400",2013
"2,400",2013
"2,400",2013
"2,400",2013
"2,400",2013
"2,400",2013
"2,434",2013
"2,434",2013
"2,462",2013
"2,462",2013
"2,500",2013
"2,500",2013
"2,500",2013
"2,500",2013
"2,500",2013
"2,575",2013
"2,600",2013
"2,600",2013
"2,600",2013
"2,600",2013
"2,600",2013
"2,638",2013
"2,700",2013
"2,700",2013
"2,700",2013
"2,723",2013
"2,764",2013
"2,764",2013
"2,777",2013
"2,777",2013
"2,800",2013
"2,810",2013
"2,810",2013
"2,826",2013
"2,864",2013
"2,864",2013
"2,900",2013
"2,988",2013
"3,000",2013
"3,000",2013
"3,000",2013
"3,000",2013
"3,000",2013
"3,000",2013
"3,000",2013
"3,100",2013
"3,100",2013
"3,100",2013
"3,131",2013
"3,133",2013
"3,164",2013
"3,200",2013
"3,230",2013
"3,230",2013
"3,269",2013
"3,300",2013
"3,300",2013
"3,432",2013
"3,500",2013
"3,500",2013
"3,500",2013
"3,500",2013
"3,512",2013
"3,512",2013
"3,541",2013
"3,553",2013
"3,667",2013
"3,700",2013
"3,700",2013
"3,794",2013
"3,800",2013
"3,800",2013
"3,807",2013
"3,833",2013
"3,833",2013
"3,857",2013
"3,926",2013
"3,947",2013
"3,947",2013
"3,947",2013
"4,000",2013
"4,022",2013
"4,027",2013
"4,100",2013
"4,125",2013
"4,204",2013
"4,268",2013
"4,305",2013
"4,305",2013
"4,330",2013
"4,400",2013
"4,400",2013
"4,457",2013
"4,479",2013
"4,500",2013
"4,500",2013
"4,500",2013
"4,560",2013
"4,560",2013
"4,676",2013
"4,837",2013
"4,879",2013
"5,000",2013
"5,000",2013
"5,000",2013
"5,000",2013
"5,000",2013
"5,083",2013
"5,100",2013
"5,200",2013
"5,200",2013
"5,232",2013
"5,232",2013
"5,300",2013
"5,370",2013
"5,388",2013
"5,497",2013
"5,500",2013
"5,500",2013
"5,682",2013
"5,690",2013
"5,690",2013
"5,764",2013
"5,822",2013
"5,840",2013
"5,840",2013
"5,875",2013
"6,000",2013
"6,000",2013
"6,000",2013
"6,000",2013
"6,000",2013
"6,000",2013
"6,284",2013
"6,284",2013
"6,300",2013
"6,300",2013
"6,300",2013
"6,332",2013
"6,400",2013
"6,500",2013
"6,500",2013
"6,700",2013
"6,932",2013
"6,994",2013
"7,035",2013
"7,100",2013
"7,120",2013
"7,300",2013
"7,300",2013
"7,335",2013
"7,405",2013
"7,405",2013
"7,606",2013
"7,700",2013
"7,803",2013
"8,000",2013
"8,000",2013
"8,000",2013
"8,294",2013
"8,294",2013
"8,330",2013
"8,331",2013
"8,500",2013
"8,500",2013
"8,727",2013
"8,800",2013
"8,900",2013
"8,911",2013
"8,911",2013
"9,000",2013
"9,017",2013
"9,080",2013
"9,328",2013
"9,414",2013
"9,577",2013
"9,626",2013
"9,700",2013
"9,825",2013
"9,900",2013
"9,900",2013
"9,988",2013
"9,988",2013
"10,000",2013
"10,000",2013
"10,000",2013
"10,000",2013
"10,000",2013
"10,000",2013
"10,000",2013
"10,000",2013
"10,000",2013
"10,000",2013
"10,200",2013
"10,228",2013
"10,228",2013
"10,300",2013
"10,350",2013
"10,480",2013
"10,680",2013
"10,680",2013
"10,930",2013
"11,000",2013
"11,000",2013
"11,500",2013
"11,500",2013
"11,935",2013
"12,000",2013
"12,000",2013
"12,299",2013
"12,354",2013
"12,542",2013
"12,900",2013
"12,900",2013
"13,000",2013
"13,336",2013
"13,617",2013
"13,619",2013
"13,806",2013
"14,217",2013
"14,519",2013
"14,829",2013
"14,829",2013
"15,000",2013
"15,417",2013
"16,000",2013
"16,988",2013
"17,300",2013
"17,300",2013
"17,350",2013
"17,743",2013
"18,000",2013
"18,100",2013
"18,162",2013
"18,700",2013
"18,800",2013
"19,178",2013
"20,000",2013
"20,000",2013
"21,000",2013
"22,000",2013
"22,000",2013
"22,900",2013
"24,500",2013
"25,000",2013
"25,000",2013
"25,461",2013
"27,800",2013
"28,187",2013
"28,187",2013
"29,000",2013
"29,021",2013
"30,000",2013
"31,000",2013
"32,000",2013
"32,000",2013
"32,151",2013
"32,755",2013
"37,000",2013
"37,000",2013
"39,000",2013
"40,000",2013
"43,000",2013
"43,549",2013
"44,000",2013
"47,000",2013
"47,452",2013
"49,000",2013
"49,000",2013
"56,000",2013
"59,000",2013
"59,000",2013
"62,000",2013
"70,000",2013
"73,000",2013
"74,000",2013
"74,000",2013
"76,183",2013
"80,000",2013
"82,160",2013
"90,000",2013
"100,000",2013
"100,000",2013
"100,000",2013
"100,000",2013
"104,000",2013
"109,000",2013
"110,000",2013
"115,775",2013
"120,000",2013
"125,000",2013
"127,000",2013
"144,963",2013
"146,000",2013
"160,000",2013
"182,000",2013
"187,533",2013
"189,489",2013
"250,000",2013
"277,000",2013
"277,014",2013
"300,000",2013
"400,000",2013
"405,000",2013
"465,000",2013
"729,000",2013
"840,000",2013
"850,000",2013
"860,000",2013
"1,000,000",2013
"2,000,000",2013
"2,490,000",2013
"2,600,000",2013
"2,900,000",2013
"3,100,000",2013
"4,000,000",2013
"4,029,530",2013
"6,000,000",2013
"29,000,000",2013
"40,000,000",2013
"50,000,000",2013
1,2014
1,2014
1,2014
1,2014
1,2014
1,2014
1,2014
1,2014
1,2014
1,2014
1,2014
1,2014
1,2014
1,2014
1,2014
1,2014
1,2014
1,2014
1,2014
1,2014
1,2014
1,2014
1,2014
1,2014
1,2014
1,2014
1,2014
1,2014
1,2014
1,2014
1,2014
1,2014
1,2014
1,2014
1,2014
1,2014
1,2014
2,2014
2,2014
2,2014
2,2014
2,2014
2,2014
2,2014
2,2014
2,2014
2,2014
2,2014
2,2014
2,2014
2,2014
2,2014
2,2014
2,2014
2,2014
3,2014
3,2014
3,2014
3,2014
3,2014
3,2014
3,2014
3,2014
3,2014
4,2014
4,2014
4,2014
4,2014
4,2014
4,2014
5,2014
5,2014
5,2014
5,2014
5,2014
5,2014
5,2014
5,2014
6,2014
6,2014
6,2014
6,2014
6,2014
7,2014
7,2014
7,2014
8,2014
8,2014
8,2014
9,2014
10,2014
10,2014
10,2014
10,2014
11,2014
11,2014
11,2014
11,2014
11,2014
11,2014
12,2014
12,2014
12,2014
12,2014
12,2014
13,2014
14,2014
14,2014
15,2014
15,2014
15,2014
15,2014
16,2014
16,2014
16,2014
16,2014
16,2014
17,2014
17,2014
17,2014
18,2014
18,2014
18,2014
18,2014
19,2014
19,2014
19,2014
22,2014
23,2014
23,2014
23,2014
25,2014
25,2014
25,2014
26,2014
26,2014
27,2014
27,2014
27,2014
28,2014
28,2014
29,2014
29,2014
30,2014
32,2014
33,2014
33,2014
34,2014
36,2014
37,2014
40,2014
40,2014
41,2014
41,2014
43,2014
45,2014
46,2014
47,2014
47,2014
49,2014
53,2014
57,2014
59,2014
63,2014
74,2014
78,2014
80,2014
81,2014
91,2014
92,2014
93,2014
97,2014
109,2014
127,2014
129,2014
138,2014
151,2014
155,2014
180,2014
197,2014
210,2014
248,2014
286,2014
300,2014
300,2014
331,2014
336,2014
350,2014
350,2014
371,2014
375,2014
379,2014
396,2014
413,2014
441,2014
467,2014
469,2014
500,2014
500,2014
500,2014
500,2014
500,2014
502,2014
504,2014
507,2014
520,2014
521,2014
522,2014
523,2014
527,2014
530,2014
531,2014
540,2014
542,2014
543,2014
548,2014
548,2014
550,2014
563,2014
566,2014
568,2014
571,2014
580,2014
585,2014
586,2014
586,2014
592,2014
593,2014
593,2014
594,2014
595,2014
600,2014
605,2014
611,2014
616,2014
617,2014
620,2014
620,2014
623,2014
629,2014
643,2014
657,2014
661,2014
661,2014
675,2014
677,2014
680,2014
683,2014
692,2014
697,2014
707,2014
715,2014
720,2014
725,2014
727,2014
750,2014
767,2014
789,2014
793,2014
800,2014
802,2014
810,2014
826,2014
833,2014
835,2014
836,2014
836,2014
841,2014
842,2014
843,2014
858,2014
858,2014
860,2014
862,2014
872,2014
914,2014
937,2014
941,2014
948,2014
953,2014
979,2014
982,2014
999,2014
"1,000",2014
"1,000",2014
"1,000",2014
"1,000",2014
"1,000",2014
"1,008",2014
"1,074",2014
"1,079",2014
"1,079",2014
"1,085",2014
"1,087",2014
"1,087",2014
"1,100",2014
"1,139",2014
"1,139",2014
"1,142",2014
"1,144",2014
"1,145",2014
"1,175",2014
"1,175",2014
"1,176",2014
"1,179",2014
"1,200",2014
"1,208",2014
"1,251",2014
"1,253",2014
"1,256",2014
"1,296",2014
"1,300",2014
"1,304",2014
"1,320",2014
"1,326",2014
"1,339",2014
"1,361",2014
"1,400",2014
"1,400",2014
"1,411",2014
"1,420",2014
"1,449",2014
"1,464",2014
"1,488",2014
"1,489",2014
"1,500",2014
"1,511",2014
"1,600",2014
"1,607",2014
"1,626",2014
"1,667",2014
"1,674",2014
"1,700",2014
"1,700",2014
"1,700",2014
"1,706",2014
"1,717",2014
"1,740",2014
"1,746",2014
"1,778",2014
"1,782",2014
"1,800",2014
"1,801",2014
"1,801",2014
"1,831",2014
"1,837",2014
"1,845",2014
"1,847",2014
"1,863",2014
"1,866",2014
"1,872",2014
"1,883",2014
"1,892",2014
"1,900",2014
"1,918",2014
"1,981",2014
"1,981",2014
"2,000",2014
"2,042",2014
"2,076",2014
"2,172",2014
"2,200",2014
"2,260",2014
"2,269",2014
"2,289",2014
"2,308",2014
"2,318",2014
"2,350",2014
"2,365",2014
"2,477",2014
"2,500",2014
"2,500",2014
"2,523",2014
"2,546",2014
"2,588",2014
"2,589",2014
"2,595",2014
"2,657",2014
"2,691",2014
"2,742",2014
"2,780",2014
"2,780",2014
"2,828",2014
"2,874",2014
"2,962",2014
"2,962",2014
"2,992",2014
"2,995",2014
"3,000",2014
"3,000",2014
"3,026",2014
"3,101",2014
"3,104",2014
"3,206",2014
"3,300",2014
"3,334",2014
"3,334",2014
"3,397",2014
"3,397",2014
"3,458",2014
"3,477",2014
"3,500",2014
"3,529",2014
"3,534",2014
"3,598",2014
"3,637",2014
"3,675",2014
"3,750",2014
"3,780",2014
"3,814",2014
"3,861",2014
"3,936",2014
"4,000",2014
"4,000",2014
"4,000",2014
"4,067",2014
"4,077",2014
"4,230",2014
"4,469",2014
"4,487",2014
"4,500",2014
"4,500",2014
"4,658",2014
"4,676",2014
"4,744",2014
"4,748",2014
"4,786",2014
"5,000",2014
"5,000",2014
"5,000",2014
"5,000",2014
"5,100",2014
"5,178",2014
"5,370",2014
"5,415",2014
"5,471",2014
"5,499",2014
"5,534",2014
"5,795",2014
"5,845",2014
"5,867",2014
"6,000",2014
"6,000",2014
"6,073",2014
"6,141",2014
"6,141",2014
"6,302",2014
"6,307",2014
"6,475",2014
"6,900",2014
"6,932",2014
"6,989",2014
"7,000",2014
"7,016",2014
"7,500",2014
"7,800",2014
"7,888",2014
"7,911",2014
"8,000",2014
"8,000",2014
"8,000",2014
"8,261",2014
"8,300",2014
"8,421",2014
"8,830",2014
"8,845",2014
"9,255",2014
"9,602",2014
"9,640",2014
"9,861",2014
"9,986",2014
"10,000",2014
"10,000",2014
"10,000",2014
"10,058",2014
"10,104",2014
"10,172",2014
"10,400",2014
"10,604",2014
"10,604",2014
"10,790",2014
"10,793",2014
"10,993",2014
"11,000",2014
"11,531",2014
"11,551",2014
"12,000",2014
"12,286",2014
"12,450",2014
"13,000",2014
"13,074",2014
"13,177",2014
"13,646",2014
"13,877",2014
"13,907",2014
"14,000",2014
"14,100",2014
"14,100",2014
"14,121",2014
"15,000",2014
"15,000",2014
"15,000",2014
"15,265",2014
"15,380",2014
"16,446",2014
"17,776",2014
"17,914",2014
"18,000",2014
"18,000",2014
"18,000",2014
"20,000",2014
"20,000",2014
"20,000",2014
"22,511",2014
"25,000",2014
"25,000",2014
"25,000",2014
"25,513",2014
"25,764",2014
"25,855",2014
"26,162",2014
"27,839",2014
"28,300",2014
"29,780",2014
"30,000",2014
"30,000",2014
"31,677",2014
"31,980",2014
"32,000",2014
"33,136",2014
"33,136",2014
"33,702",2014
"33,702",2014
"35,000",2014
"35,000",2014
"35,212",2014
"35,357",2014
"36,400",2014
"36,802",2014
"38,906",2014
"41,000",2014
"41,437",2014
"42,713",2014
"46,473",2014
"47,000",2014
"47,683",2014
"48,439",2014
"48,752",2014
"49,000",2014
"49,714",2014
"50,000",2014
"50,000",2014
"50,918",2014
"55,000",2014
"55,000",2014
"55,207",2014
"55,900",2014
"56,853",2014
"60,582",2014
"60,582",2014
"62,000",2014
"63,000",2014
"63,325",2014
"71,701",2014
"72,500",2014
"74,944",2014
"75,026",2014
"76,258",2014
"82,601",2014
"96,998",2014
"97,000",2014
"120,000",2014
"146,000",2014
"158,128",2014
"160,000",2014
"163,000",2014
"168,000",2014
"200,000",2014
"214,000",2014
"233,000",2014
"280,000",2014
"290,780",2014
"307,528",2014
"309,079",2014
"342,197",2014
"350,000",2014
"398,000",2014
"405,000",2014
"800,000",2014
"839,711",2014
"850,000",2014
"868,000",2014
"1,000,000",2014
"1,062,510",2014
"1,100,000",2014
"1,200,000",2014
"1,700,000",2014
"2,000,000",2014
"2,000,000",2014
"4,500,000",2014
"4,500,000",2014
"6,000,000",2014
"56,000,000",2014
"76,000,000",2014
"145,000,000",2014
"1,000,000,000",2014
3,2015
18,2015
49,2015
100,2015
160,2015
200,2015
244,2015
389,2015
410,2015
500,2015
500,2015
500,2015
500,2015
500,2015
500,2015
500,2015
501,2015
502,2015
503,2015
506,2015
508,2015
509,2015
509,2015
509,2015
509,2015
524,2015
540,2015
550,2015
553,2015
560,2015
561,2015
563,2015
567,2015
570,2015
570,2015
571,2015
592,2015
600,2015
600,2015
601,2015
621,2015
627,2015
630,2015
630,2015
632,2015
633,2015
643,2015
648,2015
650,2015
659,2015
659,2015
659,2015
662,2015
662,2015
670,2015
674,2015
678,2015
678,2015
680,2015
680,2015
686,2015
686,2015
700,2015
721,2015
722,2015
738,2015
756,2015
782,2015
800,2015
810,2015
826,2015
827,2015
833,2015
835,2015
838,2015
843,2015
844,2015
845,2015
845,2015
845,2015
846,2015
854,2015
855,2015
857,2015
858,2015
862,2015
864,2015
873,2015
874,2015
880,2015
880,2015
880,2015
915,2015
941,2015
946,2015
946,2015
955,2015
958,2015
960,2015
967,2015
975,2015
975,2015
981,2015
986,2015
995,2015
"1,000",2015
"1,004",2015
"1,006",2015
"1,009",2015
"1,009",2015
"1,029",2015
"1,030",2015
"1,030",2015
"1,040",2015
"1,040",2015
"1,040",2015
"1,064",2015
"1,100",2015
"1,100",2015
"1,111",2015
"1,125",2015
"1,134",2015
"1,138",2015
"1,144",2015
"1,168",2015
"1,170",2015
"1,182",2015
"1,200",2015
"1,200",2015
"1,233",2015
"1,233",2015
"1,242",2015
"1,260",2015
"1,275",2015
"1,285",2015
"1,285",2015
"1,300",2015
"1,300",2015
"1,300",2015
"1,339",2015
"1,342",2015
"1,342",2015
"1,342",2015
"1,359",2015
"1,359",2015
"1,359",2015
"1,400",2015
"1,400",2015
"1,406",2015
"1,407",2015
"1,426",2015
"1,445",2015
"1,447",2015
"1,450",2015
"1,458",2015
"1,475",2015
"1,494",2015
"1,500",2015
"1,500",2015
"1,508",2015
"1,529",2015
"1,530",2015
"1,551",2015
"1,581",2015
"1,600",2015
"1,600",2015
"1,615",2015
"1,615",2015
"1,622",2015
"1,651",2015
"1,680",2015
"1,688",2015
"1,708",2015
"1,726",2015
"1,787",2015
"1,859",2015
"1,859",2015
"1,872",2015
"1,997",2015
"2,000",2015
"2,000",2015
"2,000",2015
"2,000",2015
"2,000",2015
"2,060",2015
"2,071",2015
"2,074",2015
"2,075",2015
"2,100",2015
"2,153",2015
"2,153",2015
"2,207",2015
"2,207",2015
"2,208",2015
"2,259",2015
"2,300",2015
"2,302",2015
"2,345",2015
"2,473",2015
"2,500",2015
"2,500",2015
"2,584",2015
"2,722",2015
"2,743",2015
"2,772",2015
"2,772",2015
"2,800",2015
"2,809",2015
"2,815",2015
"2,860",2015
"2,873",2015
"2,918",2015
"2,929",2015
"2,983",2015
"2,984",2015
"3,000",2015
"3,000",2015
"3,000",2015
"3,000",2015
"3,000",2015
"3,074",2015
"3,224",2015
"3,224",2015
"3,311",2015
"3,321",2015
"3,334",2015
"3,397",2015
"3,403",2015
"3,421",2015
"3,500",2015
"3,650",2015
"3,902",2015
"3,903",2015
"3,952",2015
"3,952",2015
"3,957",2015
"4,000",2015
"4,000",2015
"4,000",2015
"4,000",2015
"4,200",2015
"4,223",2015
"4,278",2015
"4,300",2015
"4,500",2015
"4,668",2015
"4,668",2015
"4,725",2015
"4,859",2015
"4,885",2015
"4,920",2015
"4,920",2015
"5,000",2015
"5,000",2015
"5,000",2015
"5,117",2015
"5,117",2015
"5,327",2015
"5,338",2015
"5,372",2015
"5,440",2015
"6,166",2015
"6,195",2015
"6,195",2015
"6,400",2015
"6,400",2015
"6,500",2015
"6,500",2015
"6,600",2015
"6,871",2015
"6,909",2015
"6,909",2015
"7,029",2015
"7,029",2015
"7,038",2015
"7,448",2015
"7,448",2015
"7,549",2015
"7,664",2015
"7,666",2015
"7,693",2015
"7,693",2015
"7,700",2015
"7,925",2015
"7,925",2015
"7,967",2015
"8,208",2015
"8,300",2015
"8,345",2015
"8,700",2015
"8,700",2015
"8,700",2015
"8,700",2015
"8,791",2015
"8,830",2015
"9,000",2015
"9,300",2015
"9,627",2015
"10,000",2015
"10,946",2015
"11,000",2015
"11,000",2015
"11,100",2015
"11,100",2015
"11,266",2015
"12,000",2015
"12,000",2015
"12,049",2015
"12,500",2015
"12,517",2015
"12,673",2015
"12,914",2015
"13,000",2015
"13,000",2015
"14,000",2015
"14,100",2015
"14,177",2015
"14,500",2015
"14,910",2015
"16,000",2015
"16,107",2015
"18,000",2015
"18,000",2015
"18,133",2015
"18,213",2015
"19,000",2015
"19,000",2015
"20,512",2015
"24,967",2015
"29,156",2015
"30,000",2015
"38,351",2015
"38,351",2015
"39,000",2015
"43,068",2015
"43,890",2015
"43,890",2015
"50,000",2015
"50,000",2015
"50,000",2015
"50,000",2015
"54,203",2015
"56,694",2015
"56,694",2015
"60,000",2015
"63,325",2015
"63,325",2015
"69,246",2015
"79,000",2015
"80,000",2015
"81,463",2015
"84,681",2015
"90,060",2015
"93,000",2015
"151,626",2015
"151,626",2015
"160,000",2015
"306,789",2015
"355,127",2015
"390,000",2015
"557,779",2015
"590,000",2015
"663,200",2015
"697,586",2015
"697,586",2015
"700,000",2015
"700,000",2015
"1,100,000",2015
"1,100,000",2015
"1,500,000",2015
"3,500,000",2015
"3,900,000",2015
"4,500,000",2015
"4,500,000",2015
"4,600,000",2015
"5,100,000",2015
"6,000,000",2015
"10,000,000",2015
"10,000,000",2015
"11,000,000",2015
"11,000,000",2015
"15,000,000",2015
"21,500,000",2015
"37,000,000",2015
"78,800,000",2015
"80,000,000",2015
1,2016
4,2016
20,2016
20,2016
22,2016
37,2016
43,2016
43,2016
45,2016
100,2016
100,2016
100,2016
108,2016
121,2016
166,2016
182,2016
207,2016
315,2016
336,2016
450,2016
500,2016
500,2016
500,2016
500,2016
500,2016
500,2016
500,2016
500,2016
500,2016
504,2016
505,2016
505,2016
520,2016
524,2016
524,2016
528,2016
528,2016
532,2016
532,2016
533,2016
537,2016
537,2016
540,2016
540,2016
540,2016
540,2016
544,2016
544,2016
547,2016
552,2016
574,2016
574,2016
578,2016
578,2016
591,2016
597,2016
600,2016
600,2016
600,2016
600,2016
600,2016
603,2016
603,2016
610,2016
610,2016
625,2016
625,2016
626,2016
626,2016
647,2016
647,2016
647,2016
648,2016
648,2016
648,2016
649,2016
650,2016
650,2016
650,2016
659,2016
663,2016
665,2016
668,2016
668,2016
674,2016
674,2016
677,2016
677,2016
688,2016
688,2016
697,2016
700,2016
700,2016
700,2016
700,2016
707,2016
717,2016
717,2016
719,2016
719,2016
726,2016
726,2016
730,2016
738,2016
743,2016
743,2016
771,2016
771,2016
771,2016
773,2016
773,2016
777,2016
777,2016
793,2016
794,2016
794,2016
800,2016
800,2016
800,2016
812,2016
812,2016
817,2016
824,2016
829,2016
850,2016
854,2016
860,2016
860,2016
862,2016
863,2016
865,2016
869,2016
880,2016
880,2016
889,2016
897,2016
897,2016
907,2016
913,2016
913,2016
930,2016
955,2016
957,2016
971,2016
975,2016
975,2016
976,2016
976,2016
981,2016
981,2016
992,2016
992,2016
992,2016
998,2016
998,2016
"1,000",2016
"1,000",2016
"1,000",2016
"1,000",2016
"1,000",2016
"1,000",2016
"1,000",2016
"1,000",2016
"1,000",2016
"1,000",2016
"1,000",2016
"1,000",2016
"1,009",2016
"1,024",2016
"1,025",2016
"1,032",2016
"1,032",2016
"1,042",2016
"1,049",2016
"1,057",2016
"1,062",2016
"1,062",2016
"1,067",2016
"1,067",2016
"1,076",2016
"1,076",2016
"1,100",2016
"1,100",2016
"1,100",2016
"1,124",2016
"1,136",2016
"1,154",2016
"1,154",2016
"1,185",2016
"1,185",2016
"1,200",2016
"1,200",2016
"1,200",2016
"1,208",2016
"1,212",2016
"1,212",2016
"1,235",2016
"1,326",2016
"1,326",2016
"1,341",2016
"1,349",2016
"1,349",2016
"1,349",2016
"1,349",2016
"1,349",2016
"1,350",2016
"1,350",2016
"1,370",2016
"1,370",2016
"1,400",2016
"1,400",2016
"1,408",2016
"1,413",2016
"1,437",2016
"1,437",2016
"1,440",2016
"1,443",2016
"1,443",2016
"1,456",2016
"1,456",2016
"1,457",2016
"1,457",2016
"1,458",2016
"1,466",2016
"1,466",2016
"1,468",2016
"1,468",2016
"1,479",2016
"1,479",2016
"1,500",2016
"1,500",2016
"1,500",2016
"1,500",2016
"1,500",2016
"1,500",2016
"1,506",2016
"1,506",2016
"1,550",2016
"1,550",2016
"1,614",2016
"1,620",2016
"1,620",2016
"1,625",2016
"1,625",2016
"1,654",2016
"1,654",2016
"1,669",2016
"1,669",2016
"1,679",2016
"1,682",2016
"1,682",2016
"1,745",2016
"1,835",2016
"1,835",2016
"1,854",2016
"1,878",2016
"1,906",2016
"1,906",2016
"1,945",2016
"1,950",2016
"1,950",2016
"1,980",2016
"1,987",2016
"1,987",2016
"2,000",2016
"2,000",2016
"2,000",2016
"2,000",2016
"2,000",2016
"2,000",2016
"2,000",2016
"2,000",2016
"2,000",2016
"2,000",2016
"2,006",2016
"2,013",2016
"2,029",2016
"2,029",2016
"2,124",2016
"2,124",2016
"2,130",2016
"2,147",2016
"2,147",2016
"2,199",2016
"2,200",2016
"2,200",2016
"2,245",2016
"2,245",2016
"2,250",2016
"2,250",2016
"2,292",2016
"2,292",2016
"2,300",2016
"2,300",2016
"2,373",2016
"2,373",2016
"2,387",2016
"2,393",2016
"2,400",2016
"2,400",2016
"2,426",2016
"2,426",2016
"2,441",2016
"2,441",2016
"2,451",2016
"2,451",2016
"2,473",2016
"2,473",2016
"2,483",2016
"2,483",2016
"2,500",2016
"2,500",2016
"2,500",2016
"2,500",2016
"2,506",2016
"2,506",2016
"2,602",2016
"2,602",2016
"2,664",2016
"2,734",2016
"2,734",2016
"2,800",2016
"2,808",2016
"2,808",2016
"2,812",2016
"2,814",2016
"2,818",2016
"2,827",2016
"2,827",2016
"2,844",2016
"2,844",2016
"2,892",2016
"2,933",2016
"2,933",2016
"2,938",2016
"2,938",2016
"2,939",2016
"2,939",2016
"3,000",2016
"3,000",2016
"3,000",2016
"3,000",2016
"3,000",2016
"3,000",2016
"3,000",2016
"3,000",2016
"3,000",2016
"3,000",2016
"3,000",2016
"3,000",2016
"3,000",2016
"3,000",2016
"3,000",2016
"3,044",2016
"3,119",2016
"3,179",2016
"3,179",2016
"3,184",2016
"3,184",2016
"3,364",2016
"3,364",2016
"3,424",2016
"3,525",2016
"3,563",2016
"3,674",2016
"3,840",2016
"3,906",2016
"3,906",2016
"4,082",2016
"4,107",2016
"4,185",2016
"4,210",2016
"4,262",2016
"4,277",2016
"4,277",2016
"4,293",2016
"4,293",2016
"4,386",2016
"4,432",2016
"4,800",2016
"4,800",2016
"4,831",2016
"4,831",2016
"5,000",2016
"5,000",2016
"5,200",2016
"5,330",2016
"5,330",2016
"5,400",2016
"5,500",2016
"5,600",2016
"5,872",2016
"5,883",2016
"5,978",2016
"6,000",2016
"6,000",2016
"6,000",2016
"6,229",2016
"6,229",2016
"6,248",2016
"6,248",2016
"6,441",2016
"6,441",2016
"6,786",2016
"6,800",2016
"6,800",2016
"6,851",2016
"6,853",2016
"6,853",2016
"6,890",2016
"6,890",2016
"6,893",2016
"6,923",2016
"6,923",2016
"7,200",2016
"7,242",2016
"7,242",2016
"7,421",2016
"7,421",2016
"7,500",2016
"7,500",2016
"7,500",2016
"7,748",2016
"7,784",2016
"7,784",2016
"7,820",2016
"8,000",2016
"8,000",2016
"8,009",2016
"8,800",2016
"8,830",2016
"9,000",2016
"9,009",2016
"9,009",2016
"9,624",2016
"9,624",2016
"10,000",2016
"10,000",2016
"10,000",2016
"10,179",2016
"10,179",2016
"10,401",2016
"10,401",2016
"10,700",2016
"10,700",2016
"10,800",2016
"10,891",2016
"10,981",2016
"11,000",2016
"11,400",2016
"11,400",2016
"12,061",2016
"12,061",2016
"12,413",2016
"12,500",2016
"12,500",2016
"12,994",2016
"13,000",2016
"13,000",2016
"13,000",2016
"13,086",2016
"13,086",2016
"13,112",2016
"13,112",2016
"13,150",2016
"13,237",2016
"13,237",2016
"13,674",2016
"13,674",2016
"14,236",2016
"14,236",2016
"14,719",2016
"15,000",2016
"15,000",2016
"15,000",2016
"15,478",2016
"15,625",2016
"16,000",2016
"16,000",2016
"16,000",2016
"16,200",2016
"16,200",2016
"16,228",2016
"16,228",2016
"17,100",2016
"17,100",2016
"18,399",2016
"18,854",2016
"19,000",2016
"19,397",2016
"19,397",2016
"19,776",2016
"19,776",2016
"19,898",2016
"19,898",2016
"20,764",2016
"20,764",2016
"21,880",2016
"21,880",2016
"22,000",2016
"22,000",2016
"23,000",2016
"23,000",2016
"23,015",2016
"23,015",2016
"23,341",2016
"23,341",2016
"24,188",2016
"24,188",2016
"25,000",2016
"25,000",2016
"26,588",2016
"26,588",2016
"26,873",2016
"27,393",2016
"27,393",2016
"28,000",2016
"28,000",2016
"28,209",2016
"28,209",2016
"29,000",2016
"29,153",2016
"29,153",2016
"29,156",2016
"29,514",2016
"29,969",2016
"29,969",2016
"30,972",2016
"30,972",2016
"31,000",2016
"31,000",2016
"33,698",2016
"33,698",2016
"34,000",2016
"34,055",2016
"35,000",2016
"36,496",2016
"40,491",2016
"40,491",2016
"42,372",2016
"43,961",2016
"43,961",2016
"44,000",2016
"48,000",2016
"50,000",2016
"50,000",2016
"52,076",2016
"52,076",2016
"55,700",2016
"59,000",2016
"59,000",2016
"63,000",2016
"64,000",2016
"64,000",2016
"65,000",2016
"68,631",2016
"68,631",2016
"70,000",2016
"81,122",2016
"87,069",2016
"87,314",2016
"87,314",2016
"91,000",2016
"91,187",2016
"101,000",2016
"113,528",2016
"134,386",2016
"134,386",2016
"140,000",2016
"177,000",2016
"200,000",2016
"201,000",2016
"205,748",2016
"205,748",2016
"300,000",2016
"320,000",2016
"325,000",2016
"365,000",2016
"381,504",2016
"400,000",2016
"400,000",2016
"431,000",2016
"483,063",2016
"483,063",2016
"531,000",2016
"651,971",2016
"655,000",2016
"749,017",2016
"800,000",2016
"808,000",2016
"880,000",2016
"882,590",2016
"950,000",2016
"1,000,000",2016
"1,100,000",2016
"1,600,000",2016
"1,700,000",2016
"2,200,000",2016
"3,466,120",2016
"3,620,000",2016
"5,000,000",2016
"6,600,000",2016
"22,535,000",2016
"28,200,000",2016
"32,000,000",2016
"43,430,300",2016
"65,469,300",2016
"117,000,000",2016
"191,000,000",2016
"360,000,000",2016
"412,000,000",2016
"500,000,000",2016
"3,000,000,000",2016
1,2017
1,2017
1,2017
1,2017
1,2017
1,2017
1,2017
1,2017
1,2017
1,2017
1,2017
1,2017
1,2017
2,2017
2,2017
2,2017
2,2017
2,2017
4,2017
4,2017
4,2017
5,2017
7,2017
8,2017
8,2017
9,2017
9,2017
10,2017
11,2017
12,2017
15,2017
17,2017
20,2017
23,2017
33,2017
36,2017
48,2017
48,2017
52,2017
55,2017
56,2017
56,2017
66,2017
67,2017
69,2017
75,2017
89,2017
91,2017
99,2017
108,2017
112,2017
123,2017
134,2017
135,2017
143,2017
144,2017
153,2017
155,2017
161,2017
161,2017
194,2017
221,2017
222,2017
228,2017
229,2017
239,2017
239,2017
244,2017
245,2017
250,2017
250,2017
257,2017
263,2017
274,2017
320,2017
345,2017
348,2017
348,2017
362,2017
402,2017
455,2017
500,2017
500,2017
500,2017
500,2017
500,2017
500,2017
500,2017
500,2017
500,2017
500,2017
500,2017
500,2017
500,2017
500,2017
500,2017
500,2017
500,2017
500,2017
501,2017
501,2017
506,2017
515,2017
517,2017
523,2017
536,2017
550,2017
550,2017
550,2017
554,2017
557,2017
569,2017
569,2017
569,2017
571,2017
576,2017
588,2017
596,2017
600,2017
600,2017
600,2017
600,2017
600,2017
600,2017
611,2017
613,2017
623,2017
629,2017
631,2017
638,2017
639,2017
643,2017
643,2017
644,2017
647,2017
650,2017
652,2017
653,2017
653,2017
661,2017
664,2017
670,2017
680,2017
683,2017
685,2017
687,2017
689,2017
702,2017
703,2017
703,2017
703,2017
710,2017
719,2017
720,2017
724,2017
724,2017
725,2017
727,2017
732,2017
732,2017
742,2017
744,2017
744,2017
750,2017
754,2017
769,2017
776,2017
800,2017
808,2017
808,2017
820,2017
822,2017
822,2017
835,2017
836,2017
836,2017
836,2017
836,2017
843,2017
844,2017
859,2017
860,2017
871,2017
871,2017
880,2017
887,2017
902,2017
909,2017
912,2017
932,2017
939,2017
939,2017
939,2017
951,2017
955,2017
955,2017
959,2017
960,2017
967,2017
979,2017
"1,000",2017
"1,000",2017
"1,000",2017
"1,031",2017
"1,051",2017
"1,069",2017
"1,069",2017
"1,074",2017
"1,081",2017
"1,086",2017
"1,090",2017
"1,126",2017
"1,128",2017
"1,132",2017
"1,134",2017
"1,140",2017
"1,145",2017
"1,160",2017
"1,176",2017
"1,190",2017
"1,200",2017
"1,200",2017
"1,200",2017
"1,200",2017
"1,205",2017
"1,208",2017
"1,239",2017
"1,243",2017
"1,249",2017
"1,272",2017
"1,272",2017
"1,278",2017
"1,279",2017
"1,280",2017
"1,291",2017
"1,298",2017
"1,300",2017
"1,303",2017
"1,320",2017
"1,320",2017
"1,359",2017
"1,359",2017
"1,375",2017
"1,380",2017
"1,396",2017
"1,399",2017
"1,417",2017
"1,434",2017
"1,458",2017
"1,464",2017
"1,469",2017
"1,500",2017
"1,506",2017
"1,511",2017
"1,529",2017
"1,530",2017
"1,551",2017
"1,551",2017
"1,586",2017
"1,594",2017
"1,594",2017
"1,595",2017
"1,600",2017
"1,617",2017
"1,637",2017
"1,697",2017
"1,700",2017
"1,700",2017
"1,700",2017
"1,715",2017
"1,715",2017
"1,716",2017
"1,741",2017
"1,750",2017
"1,772",2017
"1,775",2017
"1,800",2017
"1,800",2017
"1,806",2017
"1,842",2017
"1,843",2017
"1,850",2017
"1,873",2017
"1,882",2017
"1,900",2017
"1,900",2017
"1,911",2017
"1,915",2017
"1,969",2017
"1,969",2017
"1,992",2017
"2,000",2017
"2,000",2017
"2,000",2017
"2,000",2017
"2,000",2017
"2,000",2017
"2,009",2017
"2,036",2017
"2,039",2017
"2,069",2017
"2,079",2017
"2,081",2017
"2,100",2017
"2,117",2017
"2,146",2017
"2,158",2017
"2,181",2017
"2,189",2017
"2,200",2017
"2,263",2017
"2,299",2017
"2,300",2017
"2,385",2017
"2,400",2017
"2,450",2017
"2,452",2017
"2,459",2017
"2,493",2017
"2,500",2017
"2,500",2017
"2,500",2017
"2,598",2017
"2,620",2017
"2,649",2017
"2,657",2017
"2,677",2017
"2,693",2017
"2,700",2017
"2,718",2017
"2,789",2017
"2,800",2017
"2,816",2017
"2,837",2017
"2,853",2017
"2,898",2017
"2,921",2017
"2,953",2017
"2,953",2017
"2,962",2017
"2,969",2017
"3,000",2017
"3,085",2017
"3,122",2017
"3,247",2017
"3,275",2017
"3,280",2017
"3,280",2017
"3,348",2017
"3,365",2017
"3,370",2017
"3,400",2017
"3,400",2017
"3,467",2017
"3,494",2017
"3,553",2017
"3,600",2017
"3,714",2017
"3,831",2017
"3,882",2017
"3,898",2017
"3,929",2017
"3,982",2017
"4,000",2017
"4,102",2017
"4,141",2017
"4,145",2017
"4,145",2017
"4,220",2017
"4,229",2017
"4,300",2017
"4,389",2017
"4,391",2017
"4,500",2017
"4,559",2017
"4,600",2017
"4,624",2017
"4,668",2017
"4,721",2017
"4,800",2017
"4,844",2017
"4,949",2017
"5,000",2017
"5,000",2017
"5,000",2017
"5,000",2017
"5,002",2017
"5,155",2017
"5,220",2017
"5,220",2017
"5,335",2017
"5,403",2017
"5,403",2017
"5,454",2017
"5,511",2017
"5,511",2017
"5,524",2017
"5,576",2017
"5,600",2017
"5,764",2017
"5,806",2017
"5,806",2017
"5,956",2017
"6,000",2017
"6,000",2017
"6,012",2017
"6,020",2017
"6,100",2017
"6,109",2017
"6,119",2017
"6,197",2017
"6,231",2017
"6,231",2017
"6,550",2017
"6,599",2017
"6,642",2017
"6,800",2017
"7,000",2017
"7,000",2017
"7,028",2017
"7,221",2017
"7,253",2017
"7,445",2017
"7,445",2017
"7,468",2017
"7,492",2017
"7,520",2017
"7,583",2017
"7,976",2017
"8,256",2017
"8,256",2017
"8,352",2017
"8,352",2017
"8,450",2017
"8,750",2017
"8,862",2017
"9,000",2017
"9,000",2017
"9,000",2017
"9,129",2017
"9,289",2017
"9,305",2017
"9,500",2017
"9,500",2017
"9,549",2017
"9,600",2017
"9,681",2017
"9,769",2017
"10,000",2017
"10,000",2017
"10,000",2017
"10,143",2017
"10,164",2017
"10,198",2017
"10,229",2017
"10,500",2017
"10,500",2017
"10,777",2017
"10,796",2017
"11,000",2017
"11,247",2017
"11,347",2017
"11,347",2017
"11,368",2017
"11,603",2017
"11,707",2017
"11,798",2017
"11,887",2017
"12,000",2017
"12,172",2017
"12,731",2017
"12,731",2017
"12,789",2017
"12,789",2017
"12,806",2017
"12,861",2017
"13,004",2017
"13,004",2017
"13,402",2017
"13,861",2017
"14,000",2017
"14,005",2017
"14,633",2017
"14,734",2017
"14,900",2017
"15,000",2017
"15,000",2017
"15,000",2017
"15,212",2017
"15,326",2017
"15,400",2017
"15,422",2017
"15,761",2017
"16,238",2017
"16,474",2017
"16,562",2017
"16,659",2017
"17,037",2017
"17,090",2017
"17,090",2017
"17,309",2017
"17,634",2017
"17,634",2017
"17,902",2017
"18,000",2017
"18,000",2017
"18,133",2017
"18,500",2017
"18,580",2017
"18,785",2017
"19,114",2017
"19,203",2017
"19,438",2017
"19,564",2017
"19,727",2017
"20,431",2017
"20,966",2017
"21,856",2017
"21,880",2017
"22,000",2017
"22,000",2017
"22,000",2017
"22,182",2017
"24,000",2017
"24,809",2017
"24,999",2017
"25,000",2017
"25,450",2017
"25,848",2017
"26,000",2017
"26,000",2017
"26,000",2017
"27,113",2017
"28,012",2017
"28,437",2017
"28,740",2017
"29,000",2017
"29,579",2017
"30,000",2017
"32,000",2017
"33,000",2017
"33,877",2017
"34,000",2017
"34,097",2017
"35,108",2017
"35,147",2017
"36,000",2017
"36,485",2017
"36,840",2017
"39,000",2017
"40,000",2017
"42,587",2017
"42,720",2017
"43,563",2017
"44,000",2017
"46,632",2017
"47,000",2017
"47,000",2017
"50,000",2017
"51,232",2017
"53,173",2017
"54,000",2017
"55,447",2017
"56,075",2017
"60,000",2017
"61,701",2017
"64,270",2017
"65,000",2017
"66,000",2017
"75,000",2017
"77,337",2017
"79,930",2017
"80,000",2017
"80,270",2017
"81,782",2017
"85,995",2017
"90,000",2017
"93,323",2017
"94,148",2017
"95,547",2017
"100,000",2017
"106,008",2017
"106,008",2017
"119,000",2017
"127,310",2017
"128,000",2017
"128,000",2017
"139,810",2017
"150,000",2017
"160,000",2017
"176,295",2017
"187,788",2017
"220,000",2017
"226,881",2017
"246,167",2017
"266,123",2017
"279,663",2017
"300,000",2017
"300,000",2017
"300,000",2017
"325,000",2017
"335,000",2017
"500,000",2017
"540,000",2017
"593,328",2017
"609,064",2017
"650,000",2017
"657,529",2017
"697,800",2017
"825,000",2017
"880,000",2017
"950,000",2017
"1,300,000",2017
"1,503,710",2017
"1,600,000",2017
"2,000,000",2017
"2,000,000",2017
"2,000,000",2017
"2,100,000",2017
"4,000,000",2017
"4,300,000",2017
"5,500,000",2017
"7,500,000",2017
"8,000,000",2017
"33,500,000",2017
"57,000,000",2017
"69,600,000",2017
"120,000,000",2017
"145,500,000",2017
"198,000,000",2017
"1,370,000,000",2017
1,2018
1,2018
1,2018
1,2018
1,2018
1,2018
1,2018
1,2018
1,2018
1,2018
1,2018
1,2018
1,2018
1,2018
1,2018
1,2018
1,2018
1,2018
1,2018
1,2018
1,2018
1,2018
1,2018
1,2018
1,2018
1,2018
1,2018
1,2018
1,2018
1,2018
1,2018
1,2018
1,2018
1,2018
1,2018
1,2018
1,2018
1,2018
1,2018
1,2018
1,2018
1,2018
1,2018
1,2018
1,2018
1,2018
1,2018
1,2018
1,2018
1,2018
1,2018
1,2018
1,2018
1,2018
1,2018
2,2018
2,2018
2,2018
2,2018
2,2018
2,2018
3,2018
3,2018
3,2018
5,2018
5,2018
5,2018
5,2018
6,2018
6,2018
7,2018
7,2018
8,2018
8,2018
9,2018
9,2018
9,2018
10,2018
12,2018
14,2018
15,2018
16,2018
17,2018
18,2018
18,2018
19,2018
23,2018
24,2018
24,2018
25,2018
25,2018
26,2018
27,2018
27,2018
29,2018
30,2018
31,2018
32,2018
32,2018
33,2018
35,2018
36,2018
37,2018
43,2018
47,2018
50,2018
53,2018
54,2018
55,2018
55,2018
57,2018
58,2018
71,2018
73,2018
74,2018
76,2018
76,2018
77,2018
80,2018
81,2018
81,2018
86,2018
90,2018
91,2018
92,2018
92,2018
93,2018
99,2018
105,2018
109,2018
109,2018
110,2018
114,2018
115,2018
117,2018
125,2018
137,2018
137,2018
139,2018
141,2018
142,2018
149,2018
150,2018
158,2018
158,2018
160,2018
178,2018
182,2018
187,2018
191,2018
191,2018
192,2018
193,2018
194,2018
204,2018
218,2018
220,2018
223,2018
225,2018
228,2018
228,2018
229,2018
241,2018
246,2018
246,2018
248,2018
251,2018
251,2018
253,2018
256,2018
262,2018
269,2018
281,2018
287,2018
287,2018
292,2018
297,2018
297,2018
300,2018
310,2018
313,2018
315,2018
325,2018
328,2018
334,2018
335,2018
336,2018
336,2018
341,2018
346,2018
349,2018
353,2018
355,2018
357,2018
357,2018
359,2018
366,2018
409,2018
410,2018
413,2018
423,2018
443,2018
455,2018
457,2018
465,2018
485,2018
489,2018
494,2018
495,2018
500,2018
500,2018
500,2018
500,2018
500,2018
500,2018
500,2018
500,2018
500,2018
500,2018
500,2018
500,2018
500,2018
500,2018
500,2018
500,2018
500,2018
500,2018
500,2018
500,2018
500,2018
500,2018
500,2018
500,2018
500,2018
500,2018
500,2018
500,2018
501,2018
513,2018
515,2018
533,2018
538,2018
544,2018
552,2018
557,2018
563,2018
565,2018
568,2018
573,2018
581,2018
586,2018
588,2018
589,2018
595,2018
597,2018
597,2018
600,2018
600,2018
607,2018
607,2018
607,2018
614,2018
623,2018
627,2018
627,2018
628,2018
630,2018
632,2018
634,2018
659,2018
660,2018
662,2018
667,2018
667,2018
670,2018
670,2018
671,2018
679,2018
683,2018
685,2018
696,2018
700,2018
703,2018
706,2018
710,2018
720,2018
722,2018
722,2018
728,2018
734,2018
735,2018
741,2018
741,2018
758,2018
779,2018
790,2018
800,2018
800,2018
800,2018
812,2018
813,2018
816,2018
819,2018
824,2018
839,2018
842,2018
843,2018
854,2018
855,2018
855,2018
857,2018
861,2018
861,2018
864,2018
867,2018
871,2018
875,2018
900,2018
900,2018
910,2018
917,2018
925,2018
931,2018
949,2018
963,2018
989,2018
994,2018
"1,000",2018
"1,015",2018
"1,021",2018
"1,030",2018
"1,032",2018
"1,050",2018
"1,070",2018
"1,071",2018
"1,086",2018
"1,087",2018
"1,087",2018
"1,095",2018
"1,100",2018
"1,100",2018
"1,101",2018
"1,112",2018
"1,121",2018
"1,123",2018
"1,130",2018
"1,131",2018
"1,144",2018
"1,154",2018
"1,165",2018
"1,176",2018
"1,215",2018
"1,246",2018
"1,253",2018
"1,254",2018
"1,263",2018
"1,266",2018
"1,290",2018
"1,298",2018
"1,303",2018
"1,309",2018
"1,310",2018
"1,311",2018
"1,331",2018
"1,345",2018
"1,357",2018
"1,362",2018
"1,411",2018
"1,412",2018
"1,418",2018
"1,424",2018
"1,449",2018
"1,456",2018
"1,463",2018
"1,480",2018
"1,494",2018
"1,500",2018
"1,502",2018
"1,512",2018
"1,541",2018
"1,567",2018
"1,600",2018
"1,600",2018
"1,618",2018
"1,647",2018
"1,658",2018
"1,664",2018
"1,670",2018
"1,692",2018
"1,706",2018
"1,711",2018
"1,717",2018
"1,733",2018
"1,755",2018
"1,764",2018
"1,765",2018
"1,776",2018
"1,776",2018
"1,790",2018
"1,805",2018
"1,834",2018
"1,839",2018
"1,843",2018
"1,854",2018
"1,868",2018
"1,870",2018
"1,882",2018
"1,887",2018
"1,922",2018
"1,951",2018
"2,000",2018
"2,000",2018
"2,032",2018
"2,050",2018
"2,077",2018
"2,078",2018
"2,098",2018
"2,100",2018
"2,128",2018
"2,130",2018
"2,174",2018
"2,180",2018
"2,182",2018
"2,231",2018
"2,264",2018
"2,280",2018
"2,284",2018
"2,295",2018
"2,300",2018
"2,395",2018
"2,431",2018
"2,442",2018
"2,450",2018
"2,450",2018
"2,500",2018
"2,500",2018
"2,508",2018
"2,545",2018
"2,553",2018
"2,553",2018
"2,583",2018
"2,634",2018
"2,640",2018
"2,675",2018
"2,693",2018
"2,709",2018
"2,793",2018
"2,814",2018
"2,834",2018
"2,837",2018
"2,889",2018
"2,900",2018
"2,996",2018
"3,000",2018
"3,011",2018
"3,017",2018
"3,029",2018
"3,202",2018
"3,265",2018
"3,350",2018
"3,453",2018
"3,500",2018
"3,677",2018
"3,731",2018
"3,734",2018
"3,751",2018
"3,758",2018
"3,775",2018
"3,790",2018
"3,808",2018
"3,817",2018
"3,840",2018
"3,882",2018
"3,907",2018
"3,956",2018
"4,000",2018
"4,054",2018
"4,058",2018
"4,059",2018
"4,086",2018
"4,292",2018
"4,348",2018
"4,476",2018
"4,521",2018
"4,549",2018
"4,586",2018
"4,624",2018
"4,686",2018
"4,753",2018
"4,824",2018
"5,123",2018
"5,207",2018
"5,228",2018
"5,485",2018
"5,593",2018
"5,600",2018
"5,649",2018
"5,799",2018
"5,876",2018
"6,094",2018
"6,178",2018
"6,200",2018
"6,346",2018
"6,346",2018
"6,403",2018
"6,510",2018
"6,546",2018
"6,550",2018
"6,737",2018
"6,737",2018
"6,781",2018
"6,836",2018
"7,475",2018
"7,582",2018
"7,690",2018
"8,000",2018
"8,300",2018
"8,435",2018
"9,182",2018
"9,387",2018
"9,428",2018
"9,578",2018
"9,627",2018
"9,956",2018
"10,000",2018
"10,000",2018
"10,000",2018
"10,200",2018
"10,313",2018
"10,396",2018
"10,862",2018
"10,878",2018
"10,988",2018
"11,000",2018
"11,000",2018
"11,248",2018
"11,362",2018
"11,521",2018
"11,552",2018
"12,158",2018
"12,724",2018
"13,034",2018
"13,443",2018
"13,500",2018
"13,927",2018
"13,942",2018
"15,046",2018
"15,552",2018
"15,974",2018
"15,995",2018
"16,000",2018
"16,000",2018
"16,154",2018
"16,429",2018
"16,762",2018
"17,618",2018
"17,639",2018
"18,436",2018
"18,500",2018
"19,101",2018
"19,807",2018
"20,015",2018
"20,800",2018
"21,311",2018
"22,661",2018
"23,020",2018
"24,000",2018
"25,000",2018
"26,598",2018
"26,678",2018
"27,997",2018
"29,528",2018
"30,000",2018
"30,799",2018
"31,151",2018
"33,644",2018
"33,821",2018
"34,637",2018
"35,136",2018
"36,305",2018
"37,005",2018
"38,000",2018
"40,621",2018
"40,800",2018
"41,000",2018
"42,200",2018
"42,625",2018
"44,600",2018
"44,977",2018
"44,979",2018
"45,000",2018
"50,000",2018
"53,173",2018
"55,947",2018
"63,049",2018
"63,551",2018
"63,627",2018
"64,487",2018
"70,320",2018
"75,000",2018
"77,587",2018
"81,550",2018
"104,649",2018
"105,309",2018
"105,626",2018
"134,512",2018
"162,507",2018
"168,490",2018
"187,749",2018
"200,000",2018
"205,434",2018
"276,057",2018
"276,057",2018
"279,865",2018
"301,000",2018
"417,000",2018
"500,000",2018
"538,127",2018
"566,236",2018
"582,174",2018
"662,475",2018
"1,500,000",2018
"2,000,000",2018
"2,000,000",2018
"3,000,000",2018
"3,030,920",2018
"3,500,000",2018
"5,000,000",2018
"6,000,000",2018
"11,000,000",2018
"19,501,300",2018
"27,000,000",2018
"37,000,000",2018
"40,000,000",2018
"47,000,000",2018
"50,000,000",2018
"74,000,000",2018
"92,283,900",2018
"113,500,000",2018
"150,000,000",2018
"340,000,000",2018
,2018
,2018