Industry,Factor
Accounting Firms,0.85
Advertising Firms,0.85
Agriculture,0.85
Construction,0.85
Consulting Firms,0.85
Entertainment Industry (PCI* Level 3 – 4),0.85
Hospitality Industry (PCI* Level 3 – 4),0.85
Human Resources Firms,0.85
Law Firms,0.85
Manufacturing,0.85
Media Firms,0.85
Other Professional Services Firms,0.85
Publishing Firms,0.85
"Retail Merchants; such as Clothing, Grocery (PCI* Level 3 – 4)",0.85
Technology Developers (Software and Hardware Providers),0.85
Transportation Companies,0.85
All Other Non-Financials,1
"Energy; such as Oil & Gas, Natural Resources (excluding Utilities)",1
Entertainment Industry (PCI* Level 1 – 2),1
Hospitality Industry (PCI* Level 1 – 2),1
Labor Management Trusts,1
Not-for-Profit Organizations,1
Unions,1
Bio-Technology / Pharmaceutical,1.2
Data Aggregators,1.2
"Educational Institutions (Schools, Colleges, Universities)",1.2
Gaming (including Online),1.2
Government Agencies,1.2
Medical / Healthcare Related Services,1.2
"Municipalities (Local, County, State)",1.2
Payroll Processing,1.2
Retail Merchants (PCI* Level 1 – 2),1.2
"Technology Service Providers (ASP, Portals, Web Search Engines)",1.2
"Telecommunications (including Cable, Internet Service Providers)",1.2
Utilities,1.2
